id,title,start_date,end_date
1,صادرکننده نمونه ملی سال 96,1396,-
2,صادرکننده نمونه ملی سال 97,1397,-
3,صادرکننده نمونه ملی سال 98,1398,-
4,صادرکننده نمونه ملی سال 99,1399,-
5,تندیس صادر کننده نمونه کشور در سال 1398 بانک توسعه صادرات ایران,1398,-
6,تندیس نمایشگاه بین المللی حمل و نقل و صنایع وابسته سال 1397 (Expo 2018) ,1397,-
7,تندیس و تقدیر نامه صادر کننده نمونه کشور در سال 1396 از توسعه صادرات ایران,1396,-
8,تندیس شرکت های صادرات خدمات فنی ومهندسی و تجهیرات صنعت آب و برق و نیرو,1396/01/01,-
9,تقدیرنامه دبیرکل انجمن صادرکنندگان خدمات فنی و مهندسی ایران جهت صادرکننده‌ی نمونه‌ی ملی,1396,-
10,تقدیر نامه وزارت نیرو به عنوان صادر کننده ملی در بخش آب و برق سال 98,1398,-
11,"تقدیر نامه اتاق بازرگانی،صنایع،معادن و کشاورزی ایران به عنوان صادر کننده نمونه ملی سال 1396",1396,-
12,تقدیر نامه انجمن صادر کنندگان نمونه و برتر ایران به عنوان صادر کننده نمونه ملی1397,1397,-
13,تقدیر نامه وزارت نیرو از مهندس موسوی بابت پروژه احداث سد کارون 3,-,-
14,تقدیر نامه شهرداری کرج بابت احداث پروژه تقاطع غیر همسطح کاج,1394/05/25,-
15,تقدیر نامه وزارت نیرو به صادر کننده پیشرو,1395,-
16,تقدیر نامه بانک سپه,1397,-
17,تقدیر نامه سد و نیروگاه برق آبی راغون تاجیکستان در سال 2018,1397,-
18,تقدیر نامه سد و نیروگاه برق آبی سنگ توده-1 تاجیکستان,1397,-
19,تقدیر نامه احداث جاده شاغون-ذیغر تاجیکستان,-,-
20,تقدیر نامه بخشداری ناحیه ماختارال قزاقستان به خاطر کمک های آریانا در طول وقوع سیل در استان ترکستان,1399,-
21,استاندارد مدیریت کیفیت (ISO 9001:2015),1404/09/25,1407/09/18
22,استاندارد راهنمای مدیریت پروژه (ISO 21502:2020),1404/09/25,1407/09/18
23,استاندارد مدیریت محیط زیست (ISO 14001:2015),1400/12/03,1407/01/25
24,استاندارد مدیریت سلامت شغلی و ایمنی (ISO 45001:2018),1400/12/03,1407/01/25
25,صادرکننده نمونه ملی سال 1400,1400,-
26,رضایت نامه برای پل باگراتاشن,1401/07/15,-
27,تقدیرنامه وزارت امور خارجه تاجیکستان در خصوص بازسازی سفارت,1400/07/18,-
28,صادر کننده ممتاز در سال 1401,1401,-
29,تقدیرنامه سفیر تاجیکستان در ایران,1399/02/23,-
30,گواهینامه عضویت انجمن شرکت های راه سازی ایران,1401/09/23,-
31,تقدیر نامه بزرگترین موسسه خیریه کشور قزاقستان بابت کمک های خیرانه و فرهنگی شرکت تونل سد آریانا,1401/11/23,-
32,جامعه مهندسان مشاور ایران,1398,-
33,برنده جایزه ویژه مسابقه بهترین محصولات و خدمات فنی و مهندسی در کشور تاجیکستان,1399,-
34,گواهی حضور در نمایشگاه IRAN EXPO 2023,1402/02/20,-
35,تندیس بهترین ارائه دهنده محصولات و خدمات جمهوری تاجیکستان به شرکت تونل سد آریانا,1402,-
36,"گواهی عضویت اتاق بازرگانی، صنایع، معادن و کشاورزی تهران",1386/06/18,1408/03/04
37,گواهینامه صلاحیت خدمات مشاوره پایه 1 راهسازی,1402/05/28,1406/06/04
38,صادر کننده ممتاز در سال 1402,1402,-
39,استاندارد حوادث معدن (ISO 19434:2017),1403/10/18,1406/10/17
40,گواهی تایید ارزیابی جامع برای همکاری در قزاقستان,1402,-
41,مسئولیت اجتماعی تکاب,1403/10/19,-
42,اتاق مشترک بازرگانی ایران و قزاقستان (تندیس نمایشگاه تجارت اوراسیا 2025),1403,-
43,صادر کننده ممتاز سال 1403,1403/07/29,-
44,تقدیرنامه شرکت SMEC,1404/02/03,-
45,پرچمدار صادرات سال 1403 استان تهران,1403,-
46,اتاق مشترک بازرگانی ایران و قزاقستان,1404/04/14,1405/04/14
47,اتاق مشترک بازرگانی ایران و تاجیکستان,1404/07/21,1405/07/07
48,اتاق مشترک بازرگانی ایران و ترکمنستان,1404/07/02,1405/07/03
49,اتاق مشترک بازرگانی ایران و ارمنستان,1404/09/25,1405/10/03
50,کارت ویژه صادرکننده ممتاز ملی سال 1401,1401,-
51,کارت ویژه صادرکننده ممتاز ملی سال 1402,1402/07/29,1407/07/28
52,اتاق مشترک بازرگانی ایران و ازبکستان,1403/06/22,1404/06/22
53,اتاق مشترک بازرگانی ایران و گرجستان,1402/07/30,1403/07/30
54,پیمانکار برتر ارمنستان,1404/05/16,-
55,گواهینامه عضویت انجمن صادرکنندگان فنی و مهندسی,1404/12/29,1405/12/29
56,دریافت تقدیرنامه شرکت تونل سد آریانا بابت اجرای موفق پروژه سد مخزنی نساء در استان کرمان,1404,-
57,عضویت اتحادیه حفاران غیرنفتی,1404/06/11,1405/06/11
58,کارت عضویت در اتحادیه حفاران غیر نفتی,1404/06/11,1404/12/29
59,گواهینامه فعالیت برنامه‌ریزی شهری شامل ابنیه و ساختمان از کمیته معماری و ساخت تحت نظارت دولت جمهوری تاجیکستان ,1402/03/24,1407/03/25
60,"گواهینامه ژئودزی از اداره نظارت دولتی بر ژئودزی، تعیین حدود و علامت‌گذاری مرزی کمیته دولتی مدیریت زمین و ژئودزی جمهوری تاجیکستان",1403/08/03,-
61,"رتبه یک صلاحیت کارهای ساخت و ساز از موسسه دولتی ""اداره نظارت بر معماری و ساخت و ساز دولتی"" قزاقستان",1397/03/24,-
62,گواهینامه صلاحیت پیمانکاری کارهای عمرانی از هیئت ثبت پیمانکاران کشور تانزانیا,1402/07/09,1405/01/11
63,"گواهینامه ایزو 14001:2015 از آژانس استانداردسازی، مترولوژی، صدور گواهینامه و بازرسی تجاری تحت نظر دولت جمهوری تاجیکستان",1403/06/08,1406/06/07
64,"گواهینامه ایزو 45001:2020 از آژانس استانداردسازی، مترولوژی، صدور گواهینامه و بازرسی تجاری تحت نظر دولت جمهوری تاجیکستان",1403/06/08,1406/06/07
65,"گواهینامه ایزو 9001:2015 از آژانس استانداردسازی، مترولوژی، صدور گواهینامه و بازرسی تجاری تحت نظر دولت جمهوری تاجیکستان",1403/06/08,1406/06/07
66,استاندارد بین المللی سیستم مدیریت ضد رشوه‌خواری (ISO 37001:2016),1402/02/04,1405/02/04
67,گواهینامه ایزو HSE-MS,1404/05/14,1407/02/25
68,گواهینامه دوره مدیر عامل برای ایزو 90012015,-,-
69,گواهینامه دوره عضو هیئت مدیره برای ایزو 90012015,-,-
70,گواهینامه دوره عضو هیئت مدیره برای ایزو 90012015,-,-
71,گواهی صلاحیت پیمانکاری از سازمان برنامه بودجه,1404/05/07,1408/05/08
72,گواهینامه صلاحیت ایمنی پیمانکاران,1402/07/22,1404/07/22
73,گواهی تایید صلاحیت فنی و مالی اشخاص حقوقی ,1404/04/22,1405/04/22
74,گواهینامه ایمنی شغلی در صنایع و معادن از اداره خدمات نظارتی دولت جمهوری تاجیکستان,1404/05/03,-
75,گواهینامه استفاده از تسلیحاتی که در صنایع و معادن خطر آتش‌سوزی دارند از اداره خدمات نظارتی دولت جمهوری تاجیکستان,1404/05/03,-
76,"کارت بازرگانی صنایع، معادن و کشاورزی تهران",1386/06/18,1407/03/04
77,عضویت سندیکای شرکتهای ساختمانی ایران,1404/06/26,1405/06/26
78,صادر کننده مدال‌آور سال 1404,1404,-
79,گواهینامه صلاحیت پیمانکاران طرح و ساخت پایه 1 رشته راه و ترابری,1404/07/30,1406/06/04
