projectname,contractAmount,currency,image_link
پروژه احداث کانال ساحل سمت راست و کانال آبیارى توپولانگ  کاراتاگسکى در جمهورى ازبکستان,11000000.00,USD,Project/Topo.jpg
پروژه بازسازى کانالهاى الیکالا 1 در جمهورى ازبکستان,10083377.00,USD,Project/elikala.jpg
احداث راه شاغون-ذیغر در جمهوری تاجیکستان (فاز2),12633438.00,USD,Project/Zighar1.jpg
احداث راه شاغون-ذیغر در جمهوری تاجیکستان (فاز3),16667020.00,USD,Project/Zighar2.jpg
پروژه سد و نیروگاه راغون,60000000.00,TJS,Project/Raghon_Phase1.jpg
پروژه سد و نیروگاه راغون,352116450.00,TJS,Project/Raghon_Phase2.jpg
پروژه سد و نیروگاه راغون,196509000.00,TJS,Project/Raghon_Phase3.jpg
پروژه سد و نیروگاه راغون,39503866.00,TJS,Project/Raghon_Phase4.jpg
پروژه سد و نیروگاه راغون,100000000.00,TJS,Project/Raghon_Phase5.jpg
پروژه سد و نیروگاه راغون,100000000.00,TJS,Project/Raghon_Phase6.jpg
پروژه سد و نیروگاه راغون,100000000.00,TJS,Project/Raghon_Phase7.jpg
پروژه سد و نیروگاه راغون,130000000.00,TJS,Project/Raghon_Phase8.jpg
پروژه سد و نیروگاه راغون,170000000.00,TJS,Project/civil.jpg
پروژه سد و نیروگاه راغون,178285298.00,TJS,Project/civil.jpg
پروژه سد و نیروگاه راغون,367009076.00,TJS,Project/civil.jpg
پروژه سد و نیروگاه راغون,308350142.00,TJS,Project/civil.jpg
"عملیات احداث خط راه آهن دوشنبه - قرغان تپه، بخش وحدت- یاوان در جمهورى تاجیکستان",20000000.00,TJS,Project/Gharan.jpg
احداث راه دسترسی به سد راغون,51784640.00,TJS,Project/civil.jpg
عملیات ژئوتکنیک در نیروگاه برق آبى سنگ توده  1 جمهورى تاجیکستان,1000000.00,TJS,Project/Geo.jpg
احداث راه عینى  مست چاه کوهى در جمهورى تاجیکستان,7000000.00,TJS,Project/mastch.jpg
پروژه ساخت لندفیل جدید شهر هرازدان به همراه ساختمان و سازه‌هاى مرتبط در جمهورى ارمنستان,4956782.00,EUR,Project/Landfill.JPG
پروژه احداث کانال هاى اصلى و درجه دوم تحت پروژه مدرن سازى سیستم آبیارى(ISMP)  در جمهورى ارمنستان- بخش 1,552510721.00,AMD,Project/ISMP1.jpg
پروژه احداث کانال هاى اصلى و درجه دوم تحت پروژه مدرن سازى سیستم آبیارى(ISMP)  در جمهورى ارمنستان- بخش 2,1011298284.00,AMD,Project/ISMP2.jpg
پروژه احداث کانال هاى اصلى و درجه دوم تحت پروژه مدرن سازى سیستم آبیارى(ISMP)  در جمهورى ارمنستان- بخش 3,995526865.00,AMD,Project/ISMP3.jpg
پروژه طرح و ساخت پل مرزى باگراتاشن بین ارمنستان و گرجستان,7393348.00,EUR,Project/Road_Are.jpg
پروژه محوطه سازی استادیوم شهربابک,1290000000000.00,IRR,Project/Mohavatebabak.jpg
 اجرای فونداسيون و دیوار حایل زیر زمين پروژه ازگل,984000000000.00,IRR,Project/Ozgol.jpg
"عملیات تعمیر و تکمیل سقف‌هاي کلزیپ سالن هاي نمایشگاه‌های(سقف شیبدارسالن سه قلو) وعملیات تکمیل و تجهیز سالن همایش و بخشی از ساختمان مدیریت (سالن کنفرانس، جلسات و تکمیل بخشی از ساختمان اداري)",251000000000.00,IRR,Project/Shahreaftab.jpg
احداث تقاطع غیرهمسطح کاج,113000000000.00,IRR,Project/Kajunderpass.jpg
احداث رمپ اتصال تندرو به کندرو بلوار شورا,9600000000.00,IRR,Project/Shorauppass.jpg
مقاوم سازى پل هاى محور مسیر قدیم اسلامشهر  گارقم قطعه 2 (پرندك  گارقم) به منظور افزایش ظرفیت به روش طرح و ساخت غیرصنعتى,130000000000.00,IRR,Project/Parandak1.jpg
"پروژه مقاوم سازى پل هاى محور بافق  بندر عباس قطعه 2 (قره تپه  انشعاب، انشعاب  بندر عباس و انشعاب شهید رجایى) به منظور افزایش ظرفیت به روش طرح و ساخت غیرصنعتى",250000000000.00,IRR,Project/Bandarabbas1.jpg
"طرح، تهیه و تدارك مصالح و تجهیزات و ساخت (EPC) پروژه بازگشایى محور شمالى بلوار ولیعصر (عج) مهرشهر با راه‌آهن تهران تبریز ( فاز 1)",63448249127.00,IRR,Project/Tabriz1.jpg
"طرح، تهیه و تدارك مصالح و تجهیزات و ساخت (EPC) پروژه تکمیل بازگشایى محور شمالى بلوار ولیعصر (عج) مهرشهر با راه‌آهن تهران تبریز ( فاز 2)",60000000000.00,IRR,Project/Tabriz2.jpg
قرارداد مدیریت پروژه تونل انتقال آب دز به قمرود (قطعه 1 و 2),18620000000.00,IRR,Project/Ghomrod.jpg
جمع‌آوری و هدایت آب‌های سطحی اخترآباد  شعبان‌آباد  ولیعصر و منشعبات آن‌ها,73722536624.00,IRR,Project/civil.jpg
احداث سیل برگردان شمالی کرج,192000000000.00,IRR,Project/civil.jpg
"اجراى 180 کیلومتر عملیات بهسازى خط در نواحى شمال، تهران، اصفهان، شرق، جنوب، یزد و شمال شرق (1)",508000000000.00,IRR,Project/Behsazi.jpg
احداث ساختمان اداری برزیل در تهران,0.00,IRR,Project/Berzil.jpg
احداث ساختمان تجاری اداری در شهر دوشنبه تاجیکستان,0.00,IRR,Project/Doshbuild.jpg
احداث کلکتور خیابان شهید بهشتی و بلوار جمهوری و تکمیل آن ,18631650655.00,IRR,Project/civil.jpg
"طرح، ساخت و اجرای کلکتور اصلی و جمع‌آوری و دفع آب‌های سطحی و فاضلاب خیابان برغان و تکمیل آن ( فاز1)",18835173971.00,IRR,Project/civil.jpg
"طرح، ساخت و اجرای کلکتور اصلی و جمع‌آوری و دفع آب‌های سطحی و فاضلاب خیابان برغان و تکمیل آن ( فاز2)",8000000000.00,IRR,Project/civil.jpg
"طرح، ساخت و اجرای کلکتور اصلی و جمع‌آوری و دفع آب‌های سطحی و فاضلاب خیابان برغان و تکمیل آن ( فاز3)",4800000000.00,IRR,Project/civil.jpg
احداث کلکتورحاجی آباد,3200000000.00,IRR,Project/Colkaraj1.jpg
احداث کلکتور تقاطع حافظیه الی کانال فردیس,8000000000.00,IRR,Project/Colkaraj2.jpg
احداث سیستم کلکتور محمدشهر,18200000000.00,IRR,Project/Colkaraj3.jpg
احداث سیستم کلکتور میدان مادر,13965000000.00,IRR,Project/Colkaraj4.jpg
احداث سیستم کلکتور بلوار استقلال و رجایی شهر,7500000000.00,IRR,Project/Colkaraj2.jpg
دیوار حائل کوبولتی در شهر تفلیس,153381.00,GEL,Project/retainingwall.jpg
احداث و بازسازی سیستم آبرسانی شهر دوشنبه,431112.00,USD,Project/PipeDosh.jpg
پروژه احداث سیستم آبیارى و زهکشى ماختارال- در جمهورى قزاقستان (قطعه اول),22123552402.00,KZT (₸),Project/Makhtaral1.jpg
عملیات اجرایی انتقال رسوب به یال غربی سد باطله معدن مس میدوک,194000000000.00,IRR,Project/Yalgharbi.jpg
احداث تقاطع غیرهمسطح فلکه اول رجایی شهر به صورت گروه طرح و ساخت EPC,2710000000000.00,IRR,Project/KarajUn.jpg
عملیات اجرایی احداث محور قزوین-رحیم آباد-کلاچای حد فاصل جاده باراجین(کیلومتر 500+4 الی 000+9),1550000000000.00,IRR,Project/Rahimabad.jpg
احداث سد خاکی ایاسی در تانزانیا,21831962013.00,TZS,Project/Tanzania_Dam.jpg
پروژه احداث سیستم آبیارى و زهکشى آریس  ترکستان  1 در جمهورى قزاقستان,10961207958.00,KZT (₸),Project/Aris1.jpg
پروژه احداث سیستم آبیارى و زهکشى PMC- در جمهورى قزاقستان,6548517756.00,KZT (₸),Project/PMC.jpg
"عملیات اجرایی پل خرپایی فولادی دوم به طول ۳۹ متر، جهت اتصال بزرگراه M6 به شهر آختالا (پل فولادی آختالا-۱)",710000.00,USD,Project/akhtala.jpg
"عملیات اجرایی پل خرپایی فولادی دوم به طول ۳۹ متر، جهت اتصال بزرگراه M6 به شهر آختالا (پل فولادی آختالا-۲)",750000.00,USD,Project/akhtala.jpg
"عملیات اجرایی پل خرپایی فولادی دوم به طول ۳۹ متر، جهت اتصال بزرگراه M6 به شهر آختالا (پل‌های خرپایی فولادی دوقلوی خاشتاراک)",750000.00,USD,Project/akhtala.jpg
تهیه مصالح و احداث سالن آبگیری باطله (فلوتاسیون)0036,698000000000.00,IRR,Project/0036.jpg
"تهیه مصالح و احداث ساختمان ادمین، دیوار حایل و فونداسیون های ناحیه کراشر و بلندینگ، ادمین آبگیری، استخر آب برگشتی و تعمیرگاه (فلوتاسیون)0043",1700000000000.00,IRR,Project/0043.jpg
عملیات اجرایی ناحیه سنگ شکن پروژه تغلیظ فاز 2 میدوک,3880000000000.00,IRR,Project/SangShekan.jpg
پروژه احداث سیستم آبیارى و زهکشى ماختارال- در جمهورى قزاقستان (قطعه دوم),8145047163.00,KZT (₸),Project/Makhtaral2.jpg
ساختمان شتاب دهنده شهر مهندسی ایروان,2839989600.00,AMD,Project/CityEng.jpg
بازسازی ساختمان گمرگ ارمنستان در مرز باگراتاشن,1385156763.00,AMD,Project/Gomrok.jpeg
  احداث و ساخت سازه آبگیر ورودی سد و نیروگاه برق آبی راغون-جمهوری تاجیکستان لات 4  (Early Works),343075580.00,USD,Project/WRaghon.jpg
"عملیات اجرایى و ایمن‌سازى پایاب سیستم تخلیه سیلاب سرریز، جاده دسترسى و کارهاى باقیمانده سد نرماشیر(نساء)",720000000000.00,IRR,Project/narmashir.jpg
احداث تونل انتقال آب کامه به همراه سازه های تبدیل ورودی و خروجی به صورت طرح و ساخت (EPC غیر صنعتی),941000000000.00,IRR,Project/Tonelkameh.jpg
انجام عملیات اجرایی ایستگاه پمپاژ دوم بن یکه بر روی خط انتقال آب خلیج فارس 22W1  در مجاورت ایستگاه پمپاژ موجود بن یکه,2410000000000.00,IRR,Project/Bonyeke.jpg
احداث رستوران بزرگ پتروشیمی بندر امام,2230000000000.00,IRR,Project/RestBandar.jpg
احداث مجموعه ورزشی گلشن,471000000000.00,IRR,Project/Golsan1.jpg
احداث خانه کشتی شهدای شمیران نو,480000000000.00,IRR,Project/Shemiran_No.jpg
پروژه احداث مهمانسرای (هتل) مجتمع مس شهر بابک,2070000000000.00,IRR,Project/Hotel.jpg
احداث 32 کیلومتر راه از آگاراک به واردانیز و در ادامه به تونل موجود (بخش چهارم) کاجاران,214388543.00,USD,Project/kajaran.jpg
عملیات اجرایی احداث تونل اسالم به خلخال (گردنه الماس),9820000000000.00,IRR,Project/Asalem.jpg
"تهیه مصالح و اجرای سازه بخش شمالی تا تراز همکف، جمع‌آوری برم خاکی و اجرای سازه نگهبان مجتمع تجاری- اداری ایوانک",3710000000000.00,IRR,Project/eyvanak.jpg
عملیات اجرایی احداث باند دوم محور خمین-الیگودرز,2550000000000.00,IRR,Project/Aligodarz.jpg
"آماده سازی، باطله برداری، استخراج ماده معدنی (طلا و زرنیخ)، احداث و نگهداری راههای دسترسی در معدن طلای زرشوران",22100000000000.00,IRR,Project/Zarshoran.jpg
"تهيه، ساخت، حمل و اجرای عمليات كوبش شمع هاي بتني پيش ساخته واحد كلر آلكالي",4670000000000.00,IRR,Project/Alkali.jpg
"توسعه بی ترانس پست ۶۳،۲۰ کیلوولت صنعتی دلیجان ۲",390000000000.00,IRR,Project/Deligan.jpg
ساختمان مسکونی تجاری کرج,1952138500.00,IRR,Project/KarajBuilding.jpg
تکمیل پروژه خانه کشتی و مجموعه ورزشی گلشن (ابنیه و تاسیسات موتور خانه و تصفیه استخر),534000000000.00,IRR,Project/Golshan2.jpg
"بازسازی سیستم تامین آب و تاسیسات آبیاری در منطقه ژامبیل: ساخت کانال های بوشاکای 1، 2 و 3",1133690844.00,KZT (₸),Project/Boshakai.jpg
بازسازی سیستم تامین آب و تاسیسات آبیاری در منطقه ژامبیل: ساخت کانال سازا,2053151059.00,KZT (₸),Project/Saza.jpg
تأمین و حمل 50000 تن قیر به ترکمنستان,29750000.00,USD,Project/ghirtorkaman.jpg
"عملیات اجرایی پل خرپایی فولادی دوم به طول ۳۹ متر، جهت اتصال بزرگراه M6 به شهر آختالا (پل فولادی خاکومی)",700000.00,USD,Project/akhtala.jpg
ساخت پل گوده-گوده و جاده های مربوطه,30161160401.00,TZS,Project/civil.jpg
احداث 242 کیلومتر راه به همراه تمام تقاطعات در ترکمنستان,0.00,-,Project/civil.jpg
احداث حدود 7 کیلومتر تونل کاجاران و بازسازی حدود 4 کیلومتر راه دسترسی,240000000.00,USD,Project/civil.jpg
احداث آبگیر ساحل چپ نیروگاه برق‌آبی راغون (قطعه ۴),595645460.00,USD,Project/civil.jpg
