project_name,id,type,fromDate,toDate, amount,cumulative
"تهیه مصالح و اجرای سازه بخش شمالی تا تراز همکف، جمع‌آوری برم خاکی و اجرای سازه نگهبان مجتمع تجاری- اداری ایوانک",1,صورت وضعیت,1402/08/22,1402/09/30,91777399988,91777399988
"تهیه مصالح و اجرای سازه بخش شمالی تا تراز همکف، جمع‌آوری برم خاکی و اجرای سازه نگهبان مجتمع تجاری- اداری ایوانک",2,صورت وضعیت,1402/10/01,1402/10/30,47429466683,139206866671
"تهیه مصالح و اجرای سازه بخش شمالی تا تراز همکف، جمع‌آوری برم خاکی و اجرای سازه نگهبان مجتمع تجاری- اداری ایوانک",3,صورت وضعیت,1402/11/01,1402/11/30,14111209133,153318075804
"تهیه مصالح و اجرای سازه بخش شمالی تا تراز همکف، جمع‌آوری برم خاکی و اجرای سازه نگهبان مجتمع تجاری- اداری ایوانک",4,صورت وضعیت,1402/12/01,1402/12/29,33963016981,187281092785
"تهیه مصالح و اجرای سازه بخش شمالی تا تراز همکف، جمع‌آوری برم خاکی و اجرای سازه نگهبان مجتمع تجاری- اداری ایوانک",5,صورت وضعیت,1403/01/01,1403/01/31,80158391473,267439484258
"تهیه مصالح و اجرای سازه بخش شمالی تا تراز همکف، جمع‌آوری برم خاکی و اجرای سازه نگهبان مجتمع تجاری- اداری ایوانک",6,صورت وضعیت,1403/02/01,1403/02/31,164714039790,432153524048
"تهیه مصالح و اجرای سازه بخش شمالی تا تراز همکف، جمع‌آوری برم خاکی و اجرای سازه نگهبان مجتمع تجاری- اداری ایوانک",7,صورت وضعیت,1403/03/01,1403/03/31,1673079827,433826603875
"تهیه مصالح و اجرای سازه بخش شمالی تا تراز همکف، جمع‌آوری برم خاکی و اجرای سازه نگهبان مجتمع تجاری- اداری ایوانک",8,صورت وضعیت,1403/04/01,1403/04/31,102179273463,536005877338
"تهیه مصالح و اجرای سازه بخش شمالی تا تراز همکف، جمع‌آوری برم خاکی و اجرای سازه نگهبان مجتمع تجاری- اداری ایوانک",9,صورت وضعیت,1403/05/01,1403/05/31,76746966565,612752843903
"تهیه مصالح و اجرای سازه بخش شمالی تا تراز همکف، جمع‌آوری برم خاکی و اجرای سازه نگهبان مجتمع تجاری- اداری ایوانک",10,صورت وضعیت,1403/06/01,1403/06/31,83151943691,695904787594
"تهیه مصالح و اجرای سازه بخش شمالی تا تراز همکف، جمع‌آوری برم خاکی و اجرای سازه نگهبان مجتمع تجاری- اداری ایوانک",11,صورت وضعیت,1403/07/01,1403/07/30,107149305259,803054092853
"تهیه مصالح و اجرای سازه بخش شمالی تا تراز همکف، جمع‌آوری برم خاکی و اجرای سازه نگهبان مجتمع تجاری- اداری ایوانک",12,صورت وضعیت,1403/08/01,1403/08/30,72553259211,875607352064
"تهیه مصالح و اجرای سازه بخش شمالی تا تراز همکف، جمع‌آوری برم خاکی و اجرای سازه نگهبان مجتمع تجاری- اداری ایوانک",13,صورت وضعیت,1403/09/01,1403/09/30,103711137424,979318489488
"تهیه مصالح و اجرای سازه بخش شمالی تا تراز همکف، جمع‌آوری برم خاکی و اجرای سازه نگهبان مجتمع تجاری- اداری ایوانک",14,صورت وضعیت,1403/10/01,1403/10/30,205944476766,1185262966254
"تهیه مصالح و اجرای سازه بخش شمالی تا تراز همکف، جمع‌آوری برم خاکی و اجرای سازه نگهبان مجتمع تجاری- اداری ایوانک",15,صورت وضعیت,1403/11/01,1403/11/30,251118506465,1436381472719
"تهیه مصالح و اجرای سازه بخش شمالی تا تراز همکف، جمع‌آوری برم خاکی و اجرای سازه نگهبان مجتمع تجاری- اداری ایوانک",16,صورت وضعیت,1403/12/01,1404/01/31,230227726621,1666609199340
"تهیه مصالح و اجرای سازه بخش شمالی تا تراز همکف، جمع‌آوری برم خاکی و اجرای سازه نگهبان مجتمع تجاری- اداری ایوانک",17,صورت وضعیت,1404/02/01,1404/02/31,307519112036,1974128311376
"تهیه مصالح و اجرای سازه بخش شمالی تا تراز همکف، جمع‌آوری برم خاکی و اجرای سازه نگهبان مجتمع تجاری- اداری ایوانک",18,صورت وضعیت,1404/03/01,1404/03/31,96309744578,2070438055954
"تهیه مصالح و اجرای سازه بخش شمالی تا تراز همکف، جمع‌آوری برم خاکی و اجرای سازه نگهبان مجتمع تجاری- اداری ایوانک",19,صورت وضعیت,1404/04/01,1404/04/31,127356335778,2197794391732
"تهیه مصالح و اجرای سازه بخش شمالی تا تراز همکف، جمع‌آوری برم خاکی و اجرای سازه نگهبان مجتمع تجاری- اداری ایوانک",20,صورت وضعیت,1404/05/01,1404/05/31,139813478169,2337607869901
"تهیه مصالح و اجرای سازه بخش شمالی تا تراز همکف، جمع‌آوری برم خاکی و اجرای سازه نگهبان مجتمع تجاری- اداری ایوانک",21,صورت وضعیت,1404/06/01,1404/06/31,105190742871,2442798612772
"تهیه مصالح و اجرای سازه بخش شمالی تا تراز همکف، جمع‌آوری برم خاکی و اجرای سازه نگهبان مجتمع تجاری- اداری ایوانک",22,صورت وضعیت,1404/07/01,1404/07/30,341449337298,2784247950070
"تهیه مصالح و اجرای سازه بخش شمالی تا تراز همکف، جمع‌آوری برم خاکی و اجرای سازه نگهبان مجتمع تجاری- اداری ایوانک",23,صورت وضعیت,1404/08/01,1404/08/30,115542904612,2899790854682
"تهیه مصالح و اجرای سازه بخش شمالی تا تراز همکف، جمع‌آوری برم خاکی و اجرای سازه نگهبان مجتمع تجاری- اداری ایوانک",24,صورت وضعیت,1404/09/01,1404/09/30,106684395285,3006475249967
"تهیه مصالح و اجرای سازه بخش شمالی تا تراز همکف، جمع‌آوری برم خاکی و اجرای سازه نگهبان مجتمع تجاری- اداری ایوانک",25,صورت وضعیت,1404/09/01,1404/10/30,158055077171,3164530327138
"تهیه مصالح و اجرای سازه بخش شمالی تا تراز همکف، جمع‌آوری برم خاکی و اجرای سازه نگهبان مجتمع تجاری- اداری ایوانک",26,صورت وضعیت,1404/11/01,1404/11/30,213993438864,3378523766002
"تهیه مصالح و اجرای سازه بخش شمالی تا تراز همکف، جمع‌آوری برم خاکی و اجرای سازه نگهبان مجتمع تجاری- اداری ایوانک",27,صورت وضعیت,1404/12/01,1404/12/29,63565423970,3442089189972
انجام عملیات اجرایی ایستگاه پمپاژ دوم بن یکه بر روی خط انتقال آب خلیج فارس 22W1  در مجاورت ایستگاه پمپاژ موجود بن یکه,1,صورت وضعیت,1402/05/17,1402/06/31,56195112955,56195112955
انجام عملیات اجرایی ایستگاه پمپاژ دوم بن یکه بر روی خط انتقال آب خلیج فارس 22W1  در مجاورت ایستگاه پمپاژ موجود بن یکه,2,صورت وضعیت,1402/07/01,1402/08/30,141450017367,197645130322
انجام عملیات اجرایی ایستگاه پمپاژ دوم بن یکه بر روی خط انتقال آب خلیج فارس 22W1  در مجاورت ایستگاه پمپاژ موجود بن یکه,3,صورت وضعیت,1402/09/01,1402/10/30,552863164338,750508294660
انجام عملیات اجرایی ایستگاه پمپاژ دوم بن یکه بر روی خط انتقال آب خلیج فارس 22W1  در مجاورت ایستگاه پمپاژ موجود بن یکه,4,صورت وضعیت,1402/11/01,1402/11/30,431702844260,1182211138920
انجام عملیات اجرایی ایستگاه پمپاژ دوم بن یکه بر روی خط انتقال آب خلیج فارس 22W1  در مجاورت ایستگاه پمپاژ موجود بن یکه,5,صورت وضعیت,1402/12/01,1402/12/29,9188605294,1191399744214
انجام عملیات اجرایی ایستگاه پمپاژ دوم بن یکه بر روی خط انتقال آب خلیج فارس 22W1  در مجاورت ایستگاه پمپاژ موجود بن یکه,6,صورت وضعیت,1403/01/01,1403/01/31,65294654621,1256694398835
انجام عملیات اجرایی ایستگاه پمپاژ دوم بن یکه بر روی خط انتقال آب خلیج فارس 22W1  در مجاورت ایستگاه پمپاژ موجود بن یکه,7,صورت وضعیت,1403/04/01,1403/06/31,41541574211,1298235973046
انجام عملیات اجرایی ایستگاه پمپاژ دوم بن یکه بر روی خط انتقال آب خلیج فارس 22W1  در مجاورت ایستگاه پمپاژ موجود بن یکه,8,صورت وضعیت,1403/07/01,1403/09/30,129688300429,1427924273475
انجام عملیات اجرایی ایستگاه پمپاژ دوم بن یکه بر روی خط انتقال آب خلیج فارس 22W1  در مجاورت ایستگاه پمپاژ موجود بن یکه,9,صورت وضعیت,1403/10/01,1403/11/30,53479990394,1481404263869
انجام عملیات اجرایی ایستگاه پمپاژ دوم بن یکه بر روی خط انتقال آب خلیج فارس 22W1  در مجاورت ایستگاه پمپاژ موجود بن یکه,10,صورت وضعیت,1403/12/01,1403/12/30,0,1481404263869
انجام عملیات اجرایی ایستگاه پمپاژ دوم بن یکه بر روی خط انتقال آب خلیج فارس 22W1  در مجاورت ایستگاه پمپاژ موجود بن یکه,11,صورت وضعیت,1404/01/01,1404/03/31,68643943169,1550048207038
انجام عملیات اجرایی ایستگاه پمپاژ دوم بن یکه بر روی خط انتقال آب خلیج فارس 22W1  در مجاورت ایستگاه پمپاژ موجود بن یکه,12,صورت وضعیت,1404/04/01,1404/04/31,155520279060,1705568486098
انجام عملیات اجرایی ایستگاه پمپاژ دوم بن یکه بر روی خط انتقال آب خلیج فارس 22W1  در مجاورت ایستگاه پمپاژ موجود بن یکه,13,صورت وضعیت,1404/05/01,1404/06/31,36184413440,1741752899538
انجام عملیات اجرایی ایستگاه پمپاژ دوم بن یکه بر روی خط انتقال آب خلیج فارس 22W1  در مجاورت ایستگاه پمپاژ موجود بن یکه,14,صورت وضعیت,1404/07/01,1404/08/30,0,1741752899538
انجام عملیات اجرایی ایستگاه پمپاژ دوم بن یکه بر روی خط انتقال آب خلیج فارس 22W1  در مجاورت ایستگاه پمپاژ موجود بن یکه,15,صورت وضعیت,1404/09/01,1404/09/30,56522349058,1798275248596
انجام عملیات اجرایی ایستگاه پمپاژ دوم بن یکه بر روی خط انتقال آب خلیج فارس 22W1  در مجاورت ایستگاه پمپاژ موجود بن یکه,16,صورت وضعیت,1404/10/01,1404/11/30,199346577221,1997621825817
"آماده سازی، باطله برداری، استخراج ماده معدنی (طلا و زرنیخ)، احداث و نگهداری راههای دسترسی در معدن طلای زرشوران",1,صورت وضعیت,1403/04/20,1403/05/31,205266907316,205266907316
"آماده سازی، باطله برداری، استخراج ماده معدنی (طلا و زرنیخ)، احداث و نگهداری راههای دسترسی در معدن طلای زرشوران",2,صورت وضعیت,1403/06/01,1403/06/31,223379959139,428646866455
"آماده سازی، باطله برداری، استخراج ماده معدنی (طلا و زرنیخ)، احداث و نگهداری راههای دسترسی در معدن طلای زرشوران",3,صورت وضعیت,1403/07/01,1403/07/30,322614098323,751260964778
"آماده سازی، باطله برداری، استخراج ماده معدنی (طلا و زرنیخ)، احداث و نگهداری راههای دسترسی در معدن طلای زرشوران",4,صورت وضعیت,1403/08/01,1403/08/30,308366275289,1059627240067
"آماده سازی، باطله برداری، استخراج ماده معدنی (طلا و زرنیخ)، احداث و نگهداری راههای دسترسی در معدن طلای زرشوران",5,صورت وضعیت,1403/09/01,1403/09/30,352344930674,1411972170741
"آماده سازی، باطله برداری، استخراج ماده معدنی (طلا و زرنیخ)، احداث و نگهداری راههای دسترسی در معدن طلای زرشوران",6,صورت وضعیت,1403/10/01,1403/10/30,332749167059,1744721337800
"آماده سازی، باطله برداری، استخراج ماده معدنی (طلا و زرنیخ)، احداث و نگهداری راههای دسترسی در معدن طلای زرشوران",7,صورت وضعیت,1403/11/01,1403/11/30,546174927497,2290896265297
"آماده سازی، باطله برداری، استخراج ماده معدنی (طلا و زرنیخ)، احداث و نگهداری راههای دسترسی در معدن طلای زرشوران",8,صورت وضعیت,1403/12/01,1403/12/30,366145030815,2657041296112
"آماده سازی، باطله برداری، استخراج ماده معدنی (طلا و زرنیخ)، احداث و نگهداری راههای دسترسی در معدن طلای زرشوران",9,صورت وضعیت,1404/01/01,1404/01/31,449993442142,3107034738254
"آماده سازی، باطله برداری، استخراج ماده معدنی (طلا و زرنیخ)، احداث و نگهداری راههای دسترسی در معدن طلای زرشوران",10,صورت وضعیت,1404/02/01,1404/02/31,505905677687,3612940415941
"آماده سازی، باطله برداری، استخراج ماده معدنی (طلا و زرنیخ)، احداث و نگهداری راههای دسترسی در معدن طلای زرشوران",11,صورت وضعیت,1404/03/01,1404/03/31,431374072316,4044314488257
"آماده سازی، باطله برداری، استخراج ماده معدنی (طلا و زرنیخ)، احداث و نگهداری راههای دسترسی در معدن طلای زرشوران",12,صورت وضعیت,1404/04/01,1404/04/31,426239192965,4470553681222
"آماده سازی، باطله برداری، استخراج ماده معدنی (طلا و زرنیخ)، احداث و نگهداری راههای دسترسی در معدن طلای زرشوران",13,صورت وضعیت,1404/05/01,1404/05/31,349009939023,4819563620245
"آماده سازی، باطله برداری، استخراج ماده معدنی (طلا و زرنیخ)، احداث و نگهداری راههای دسترسی در معدن طلای زرشوران",14,صورت وضعیت,1404/06/01,1404/06/31,542043095297,5361606715542
"آماده سازی، باطله برداری، استخراج ماده معدنی (طلا و زرنیخ)، احداث و نگهداری راههای دسترسی در معدن طلای زرشوران",15,صورت وضعیت,1404/07/01,1404/07/30,724476186553,6086082902095
"آماده سازی، باطله برداری، استخراج ماده معدنی (طلا و زرنیخ)، احداث و نگهداری راههای دسترسی در معدن طلای زرشوران",16,صورت وضعیت,1404/08/01,1404/08/30,625371369733,6711454271828
"آماده سازی، باطله برداری، استخراج ماده معدنی (طلا و زرنیخ)، احداث و نگهداری راههای دسترسی در معدن طلای زرشوران",17,صورت وضعیت,1404/09/01,1404/09/30,364202558755,7075656830583
"آماده سازی، باطله برداری، استخراج ماده معدنی (طلا و زرنیخ)، احداث و نگهداری راههای دسترسی در معدن طلای زرشوران",18,صورت وضعیت,1404/10/01,1404/10/30,260744483209,7336401313792
"آماده سازی، باطله برداری، استخراج ماده معدنی (طلا و زرنیخ)، احداث و نگهداری راههای دسترسی در معدن طلای زرشوران",19,صورت وضعیت,1404/11/01,1404/11/30,318718666045,7655119979837
"آماده سازی، باطله برداری، استخراج ماده معدنی (طلا و زرنیخ)، احداث و نگهداری راههای دسترسی در معدن طلای زرشوران",20,صورت وضعیت,1404/12/01,1404/12/29,316133528413,7971253508250
"آماده سازی، باطله برداری، استخراج ماده معدنی (طلا و زرنیخ)، احداث و نگهداری راههای دسترسی در معدن طلای زرشوران",21,صورت وضعیت,1405/01/01,1405/01/31,265929205736,7971253508250
عملیات اجرایی احداث تونل اسالم به خلخال (گردنه الماس),1,صورت وضعیت,1402/06/26,1402/07/30,66700187883,66700187883
عملیات اجرایی احداث تونل اسالم به خلخال (گردنه الماس),2,صورت وضعیت,1402/08/01,1402/08/30,23151083103,89851270986
عملیات اجرایی احداث تونل اسالم به خلخال (گردنه الماس),3,صورت وضعیت,1402/09/01,1402/09/30,65585263549,155436534535
عملیات اجرایی احداث تونل اسالم به خلخال (گردنه الماس),4,صورت وضعیت,1402/10/01,1402/10/30,29163428403,184599962938
عملیات اجرایی احداث تونل اسالم به خلخال (گردنه الماس),5,صورت وضعیت,1402/11/01,1402/11/30,62361844564,246961807502
عملیات اجرایی احداث تونل اسالم به خلخال (گردنه الماس),6,صورت وضعیت,1402/12/01,1402/12/29,50690499256,297652306758
عملیات اجرایی احداث تونل اسالم به خلخال (گردنه الماس),7,صورت وضعیت,1403/01/01,1403/02/31,69764569482,367416876240
عملیات اجرایی احداث تونل اسالم به خلخال (گردنه الماس),8,صورت وضعیت,1403/03/01,1403/03/31,56268823161,423685699401
عملیات اجرایی احداث تونل اسالم به خلخال (گردنه الماس),9,صورت وضعیت,1403/04/01,1403/04/31,33153213624,456838913025
عملیات اجرایی احداث تونل اسالم به خلخال (گردنه الماس),10,صورت وضعیت,1403/05/01,1403/06/31,13208595713,470047508738
عملیات اجرایی احداث تونل اسالم به خلخال (گردنه الماس),11,صورت وضعیت,1403/07/01,1404/03/31,4863245835,474910754573
عملیات اجرایی احداث تونل اسالم به خلخال (گردنه الماس),12,صورت وضعیت,1404/04/01,1404/05/31,52603655772,527514410345
عملیات اجرایی احداث تونل اسالم به خلخال (گردنه الماس),13,صورت وضعیت,1404/06/01,1404/06/31,39908056947,567422467292
عملیات اجرایی احداث تونل اسالم به خلخال (گردنه الماس),14,صورت وضعیت,1404/07/01,1404/07/30,55433278967,622855746259
عملیات اجرایی احداث تونل اسالم به خلخال (گردنه الماس),15,صورت وضعیت,1404/08/01,1404/08/30,54485235156,677340981415
عملیات اجرایی احداث تونل اسالم به خلخال (گردنه الماس),16,صورت وضعیت,1404/09/01,1404/09/30,73082343410,750423324825
عملیات اجرایی احداث تونل اسالم به خلخال (گردنه الماس),17,صورت وضعیت,1404/10/01,1404/10/30,77957972633,828381297458
احداث تونل انتقال آب کامه به همراه سازه های تبدیل ورودی و خروجی به صورت طرح و ساخت (EPC غیر صنعتی),1,صورت وضعیت,1402/02/10,1402/03/31,22537615326,22537615326
احداث تونل انتقال آب کامه به همراه سازه های تبدیل ورودی و خروجی به صورت طرح و ساخت (EPC غیر صنعتی),2,صورت وضعیت,1402/04/01,1402/05/31,30410836506,52948451832
احداث تونل انتقال آب کامه به همراه سازه های تبدیل ورودی و خروجی به صورت طرح و ساخت (EPC غیر صنعتی),3,صورت وضعیت,1402/06/01,1402/06/31,27989898658,80938350490
احداث تونل انتقال آب کامه به همراه سازه های تبدیل ورودی و خروجی به صورت طرح و ساخت (EPC غیر صنعتی),4,صورت وضعیت,1402/07/01,1402/07/30,24987676697,105926027187
احداث تونل انتقال آب کامه به همراه سازه های تبدیل ورودی و خروجی به صورت طرح و ساخت (EPC غیر صنعتی),5,صورت وضعیت,1402/08/01,1402/09/30,52408938242,158334965429
احداث تونل انتقال آب کامه به همراه سازه های تبدیل ورودی و خروجی به صورت طرح و ساخت (EPC غیر صنعتی),6,صورت وضعیت,1402/10/01,1402/12/20,82942547422,241277512851
احداث تونل انتقال آب کامه به همراه سازه های تبدیل ورودی و خروجی به صورت طرح و ساخت (EPC غیر صنعتی),7,صورت وضعیت,1402/12/21,1403/01/31,30004503886,271282016737
احداث تونل انتقال آب کامه به همراه سازه های تبدیل ورودی و خروجی به صورت طرح و ساخت (EPC غیر صنعتی),8,صورت وضعیت,1403/02/01,1403/02/31,38002630915,309284647652
احداث تونل انتقال آب کامه به همراه سازه های تبدیل ورودی و خروجی به صورت طرح و ساخت (EPC غیر صنعتی),9,صورت وضعیت,1403/03/01,1403/03/31,29041908245,338326555897
احداث تونل انتقال آب کامه به همراه سازه های تبدیل ورودی و خروجی به صورت طرح و ساخت (EPC غیر صنعتی),10,صورت وضعیت,1403/04/01,1403/04/31,32217628984,370544184881
احداث تونل انتقال آب کامه به همراه سازه های تبدیل ورودی و خروجی به صورت طرح و ساخت (EPC غیر صنعتی),11,صورت وضعیت,1403/05/01,1403/05/31,30429719631,400973904512
احداث تونل انتقال آب کامه به همراه سازه های تبدیل ورودی و خروجی به صورت طرح و ساخت (EPC غیر صنعتی),12,صورت وضعیت,1403/06/01,1403/06/31,31184393291,432158297803
احداث تونل انتقال آب کامه به همراه سازه های تبدیل ورودی و خروجی به صورت طرح و ساخت (EPC غیر صنعتی),13,صورت وضعیت,1403/07/01,1403/07/30,47862017342,480020315145
احداث تونل انتقال آب کامه به همراه سازه های تبدیل ورودی و خروجی به صورت طرح و ساخت (EPC غیر صنعتی),14,صورت وضعیت,1403/08/01,1403/08/30,34840424362,514860739507
احداث تونل انتقال آب کامه به همراه سازه های تبدیل ورودی و خروجی به صورت طرح و ساخت (EPC غیر صنعتی),15,صورت وضعیت,1403/09/01,1403/09/30,30758924471,545619663978
احداث تونل انتقال آب کامه به همراه سازه های تبدیل ورودی و خروجی به صورت طرح و ساخت (EPC غیر صنعتی),16,صورت وضعیت,1403/10/01,1403/12/30,14739281635,560358945613
احداث تونل انتقال آب کامه به همراه سازه های تبدیل ورودی و خروجی به صورت طرح و ساخت (EPC غیر صنعتی),17,صورت وضعیت,1404/01/01,1404/03/31,25173584001,585532529614
احداث تونل انتقال آب کامه به همراه سازه های تبدیل ورودی و خروجی به صورت طرح و ساخت (EPC غیر صنعتی),18,صورت وضعیت,1404/04/01,1404/05/15,35657029338,621189558952
احداث تونل انتقال آب کامه به همراه سازه های تبدیل ورودی و خروجی به صورت طرح و ساخت (EPC غیر صنعتی),19,صورت وضعیت,1404/05/16,1404/06/31,29863048936,651052607888
احداث تونل انتقال آب کامه به همراه سازه های تبدیل ورودی و خروجی به صورت طرح و ساخت (EPC غیر صنعتی),20,صورت وضعیت,1404/07/01,1404/08/15,6541446841,657594054729
پروژه احداث مهمانسرای (هتل) مجتمع مس شهر بابک,1,صورت وضعیت,1402/05/29,1402/09/30,209490395009,209490395009
پروژه احداث مهمانسرای (هتل) مجتمع مس شهر بابک,2,صورت وضعیت,1402/10/01,1402/10/30,388227875675,597718270684
پروژه احداث مهمانسرای (هتل) مجتمع مس شهر بابک,3,صورت وضعیت,1402/11/01,1402/11/30,154287505885,752005776569
پروژه احداث مهمانسرای (هتل) مجتمع مس شهر بابک,4,صورت وضعیت,1402/12/01,1403/02/31,123619095320,875624871889
پروژه احداث مهمانسرای (هتل) مجتمع مس شهر بابک,5,صورت وضعیت,1403/03/01,1403/04/31,55203875289,930828747178
پروژه احداث مهمانسرای (هتل) مجتمع مس شهر بابک,6,صورت وضعیت,1403/05/01,1403/06/31,138374256821,1069203003999
پروژه احداث مهمانسرای (هتل) مجتمع مس شهر بابک,7,صورت وضعیت,1403/07/01,1403/07/30,51393936618,1120596940617
پروژه احداث مهمانسرای (هتل) مجتمع مس شهر بابک,8,صورت وضعیت,1403/08/01,1403/08/30,73892400181,1194489340798
پروژه احداث مهمانسرای (هتل) مجتمع مس شهر بابک,9,صورت وضعیت,1403/09/01,1403/10/30,250500541052,1444989881850
پروژه احداث مهمانسرای (هتل) مجتمع مس شهر بابک,10,صورت وضعیت,1403/11/01,1403/11/30,119716152269,1564706034119
پروژه احداث مهمانسرای (هتل) مجتمع مس شهر بابک,11,صورت وضعیت,1403/12/31,1404/01/31,93007716324,1657713750443
پروژه احداث مهمانسرای (هتل) مجتمع مس شهر بابک,12,صورت وضعیت,1404/02/01,1404/05/31,160797554103,1818511304546
پروژه احداث مهمانسرای (هتل) مجتمع مس شهر بابک,13,صورت وضعیت,1404/06/01,1404/08/30,121384583118,1939895887664
پروژه احداث مهمانسرای (هتل) مجتمع مس شهر بابک,14,صورت وضعیت,1404/09/01,1404/10/30,228062980696,2167958868360
"عملیات اجرایى و ایمن‌سازى پایاب سیستم تخلیه سیلاب سرریز، جاده دسترسى و کارهاى باقیمانده سد نرماشیر(نساء)",1,صورت وضعیت,1399/06/05,1399/06/31,966500000,966500000
"عملیات اجرایى و ایمن‌سازى پایاب سیستم تخلیه سیلاب سرریز، جاده دسترسى و کارهاى باقیمانده سد نرماشیر(نساء)",2,صورت وضعیت,1399/07/01,1399/07/30,12576211831,13542711831
"عملیات اجرایى و ایمن‌سازى پایاب سیستم تخلیه سیلاب سرریز، جاده دسترسى و کارهاى باقیمانده سد نرماشیر(نساء)",3,صورت وضعیت,1399/08/01,1399/08/30,8163211613,21705923444
"عملیات اجرایى و ایمن‌سازى پایاب سیستم تخلیه سیلاب سرریز، جاده دسترسى و کارهاى باقیمانده سد نرماشیر(نساء)",4,صورت وضعیت,1399/09/01,1399/09/30,6023248741,27729172185
"عملیات اجرایى و ایمن‌سازى پایاب سیستم تخلیه سیلاب سرریز، جاده دسترسى و کارهاى باقیمانده سد نرماشیر(نساء)",5,صورت وضعیت,1399/10/01,1399/10/30,16559027056,44288199241
"عملیات اجرایى و ایمن‌سازى پایاب سیستم تخلیه سیلاب سرریز، جاده دسترسى و کارهاى باقیمانده سد نرماشیر(نساء)",6,صورت وضعیت,1399/11/01,1399/11/30,38476771216,82764970457
"عملیات اجرایى و ایمن‌سازى پایاب سیستم تخلیه سیلاب سرریز، جاده دسترسى و کارهاى باقیمانده سد نرماشیر(نساء)",7,صورت وضعیت,1399/12/01,1399/12/29,10171806309,92936776766
"عملیات اجرایى و ایمن‌سازى پایاب سیستم تخلیه سیلاب سرریز، جاده دسترسى و کارهاى باقیمانده سد نرماشیر(نساء)",8,صورت وضعیت,1400/01/01,1400/01/31,12257536734,105194313500
"عملیات اجرایى و ایمن‌سازى پایاب سیستم تخلیه سیلاب سرریز، جاده دسترسى و کارهاى باقیمانده سد نرماشیر(نساء)",9,صورت وضعیت,1400/02/01,1400/02/31,23903657813,129097971313
"عملیات اجرایى و ایمن‌سازى پایاب سیستم تخلیه سیلاب سرریز، جاده دسترسى و کارهاى باقیمانده سد نرماشیر(نساء)",10,صورت وضعیت,1400/03/01,1400/03/31,26073102050,155171073363
"عملیات اجرایى و ایمن‌سازى پایاب سیستم تخلیه سیلاب سرریز، جاده دسترسى و کارهاى باقیمانده سد نرماشیر(نساء)",11,صورت وضعیت,1400/04/01,1400/05/31,45360999610,200532072973
"عملیات اجرایى و ایمن‌سازى پایاب سیستم تخلیه سیلاب سرریز، جاده دسترسى و کارهاى باقیمانده سد نرماشیر(نساء)",12,صورت وضعیت,1400/06/01,1400/06/31,31284110666,231816183639
"عملیات اجرایى و ایمن‌سازى پایاب سیستم تخلیه سیلاب سرریز، جاده دسترسى و کارهاى باقیمانده سد نرماشیر(نساء)",13,صورت وضعیت,1400/09/01,1400/09/30,61084410435,292900594074
"عملیات اجرایى و ایمن‌سازى پایاب سیستم تخلیه سیلاب سرریز، جاده دسترسى و کارهاى باقیمانده سد نرماشیر(نساء)",14,صورت وضعیت,1400/10/01,1400/10/30,21685029845,314585623919
"عملیات اجرایى و ایمن‌سازى پایاب سیستم تخلیه سیلاب سرریز، جاده دسترسى و کارهاى باقیمانده سد نرماشیر(نساء)",15,صورت وضعیت,1400/11/01,1400/11/30,26014165346,340599789265
"عملیات اجرایى و ایمن‌سازى پایاب سیستم تخلیه سیلاب سرریز، جاده دسترسى و کارهاى باقیمانده سد نرماشیر(نساء)",16,صورت وضعیت,1400/12/01,1400/12/29,1374115855,341973905120
"عملیات اجرایى و ایمن‌سازى پایاب سیستم تخلیه سیلاب سرریز، جاده دسترسى و کارهاى باقیمانده سد نرماشیر(نساء)",17,صورت وضعیت,1401/01/01,1401/01/31,1506957243,343480862363
"عملیات اجرایى و ایمن‌سازى پایاب سیستم تخلیه سیلاب سرریز، جاده دسترسى و کارهاى باقیمانده سد نرماشیر(نساء)",18,صورت وضعیت,1401/02/01,1401/02/31,11956348595,355437210958
"عملیات اجرایى و ایمن‌سازى پایاب سیستم تخلیه سیلاب سرریز، جاده دسترسى و کارهاى باقیمانده سد نرماشیر(نساء)",19,صورت وضعیت,1401/03/01,1401/03/31,14706579818,370143790776
"عملیات اجرایى و ایمن‌سازى پایاب سیستم تخلیه سیلاب سرریز، جاده دسترسى و کارهاى باقیمانده سد نرماشیر(نساء)",20,صورت وضعیت,1401/04/01,1401/04/31,13182081959,383325872735
"عملیات اجرایى و ایمن‌سازى پایاب سیستم تخلیه سیلاب سرریز، جاده دسترسى و کارهاى باقیمانده سد نرماشیر(نساء)",21,صورت وضعیت,1401/05/01,1401/05/31,19775082826,403100955561
"عملیات اجرایى و ایمن‌سازى پایاب سیستم تخلیه سیلاب سرریز، جاده دسترسى و کارهاى باقیمانده سد نرماشیر(نساء)",22,صورت وضعیت,1401/06/01,1401/06/31,10661906423,413762861984
"عملیات اجرایى و ایمن‌سازى پایاب سیستم تخلیه سیلاب سرریز، جاده دسترسى و کارهاى باقیمانده سد نرماشیر(نساء)",23,صورت وضعیت,1401/07/01,1401/07/30,19619575067,433382437051
"عملیات اجرایى و ایمن‌سازى پایاب سیستم تخلیه سیلاب سرریز، جاده دسترسى و کارهاى باقیمانده سد نرماشیر(نساء)",24,صورت وضعیت,1401/08/01,1401/09/30,3707366116,437089803167
"عملیات اجرایى و ایمن‌سازى پایاب سیستم تخلیه سیلاب سرریز، جاده دسترسى و کارهاى باقیمانده سد نرماشیر(نساء)",25,صورت وضعیت,1401/10/01,1401/10/30,6269936219,443359739386
"عملیات اجرایى و ایمن‌سازى پایاب سیستم تخلیه سیلاب سرریز، جاده دسترسى و کارهاى باقیمانده سد نرماشیر(نساء)",26,صورت وضعیت,1401/11/01,1401/12/29,16283073664,459642813050
"عملیات اجرایى و ایمن‌سازى پایاب سیستم تخلیه سیلاب سرریز، جاده دسترسى و کارهاى باقیمانده سد نرماشیر(نساء)",27,صورت وضعیت,1402/01/01,1402/02/31,30199580182,489842393232
"عملیات اجرایى و ایمن‌سازى پایاب سیستم تخلیه سیلاب سرریز، جاده دسترسى و کارهاى باقیمانده سد نرماشیر(نساء)",28,صورت وضعیت,1402/03/01,1402/03/31,4220276119,494062669351
"عملیات اجرایى و ایمن‌سازى پایاب سیستم تخلیه سیلاب سرریز، جاده دسترسى و کارهاى باقیمانده سد نرماشیر(نساء)",29,صورت وضعیت,1402/04/01,1402/05/31,23522025321,517584694672
"عملیات اجرایى و ایمن‌سازى پایاب سیستم تخلیه سیلاب سرریز، جاده دسترسى و کارهاى باقیمانده سد نرماشیر(نساء)",30,صورت وضعیت,1402/06/01,1402/06/31,9144667339,526729362011
"عملیات اجرایى و ایمن‌سازى پایاب سیستم تخلیه سیلاب سرریز، جاده دسترسى و کارهاى باقیمانده سد نرماشیر(نساء)",31,صورت وضعیت,1402/07/01,1402/09/30,31537391077,558266753088
"عملیات اجرایى و ایمن‌سازى پایاب سیستم تخلیه سیلاب سرریز، جاده دسترسى و کارهاى باقیمانده سد نرماشیر(نساء)",32,صورت وضعیت,1402/10/01,1402/12/29,32324010612,590590763700
"عملیات اجرایى و ایمن‌سازى پایاب سیستم تخلیه سیلاب سرریز، جاده دسترسى و کارهاى باقیمانده سد نرماشیر(نساء)",33,صورت وضعیت,1403/01/01,1403/03/31,17336668998,607927432698
"عملیات اجرایى و ایمن‌سازى پایاب سیستم تخلیه سیلاب سرریز، جاده دسترسى و کارهاى باقیمانده سد نرماشیر(نساء)",34,صورت وضعیت,1403/04/01,1403/06/31,20425361153,628352793851
"عملیات اجرایى و ایمن‌سازى پایاب سیستم تخلیه سیلاب سرریز، جاده دسترسى و کارهاى باقیمانده سد نرماشیر(نساء)",35,صورت وضعیت,1403/07/01,1403/09/30,4962725475,633315519326
"عملیات اجرایى و ایمن‌سازى پایاب سیستم تخلیه سیلاب سرریز، جاده دسترسى و کارهاى باقیمانده سد نرماشیر(نساء)",36,صورت وضعیت,1403/10/01,1403/12/30,12229385550,645544904876
"عملیات اجرایى و ایمن‌سازى پایاب سیستم تخلیه سیلاب سرریز، جاده دسترسى و کارهاى باقیمانده سد نرماشیر(نساء)",37,صورت وضعیت,1404/01/01,1404/03/31,937029620,646481934496
"عملیات اجرایى و ایمن‌سازى پایاب سیستم تخلیه سیلاب سرریز، جاده دسترسى و کارهاى باقیمانده سد نرماشیر(نساء)",38,صورت وضعیت,1404/04/01,1404/05/31,11838374967,658320309463
"تهيه، ساخت، حمل و اجرای عمليات كوبش شمع هاي بتني پيش ساخته واحد كلر آلكالي",1,صورت وضعیت,1403/07/23,1403/09/14,658824432896,658824432896
"تهيه، ساخت، حمل و اجرای عمليات كوبش شمع هاي بتني پيش ساخته واحد كلر آلكالي",2,صورت وضعیت,1403/09/15,1403/09/30,332786571673,991611004569
"تهيه، ساخت، حمل و اجرای عمليات كوبش شمع هاي بتني پيش ساخته واحد كلر آلكالي",3,صورت وضعیت,1403/10/01,1403/10/30,503698874784,1495309879353
"تهيه، ساخت، حمل و اجرای عمليات كوبش شمع هاي بتني پيش ساخته واحد كلر آلكالي",4,صورت وضعیت,1403/11/01,1403/11/15,414573519302,1909883398655
"تهيه، ساخت، حمل و اجرای عمليات كوبش شمع هاي بتني پيش ساخته واحد كلر آلكالي",5,صورت وضعیت,1403/11/16,1403/11/30,189728235731,2099611634386
"تهيه، ساخت، حمل و اجرای عمليات كوبش شمع هاي بتني پيش ساخته واحد كلر آلكالي",6,صورت وضعیت,1403/12/01,1403/12/14,169777383686,2269389018072
"تهيه، ساخت، حمل و اجرای عمليات كوبش شمع هاي بتني پيش ساخته واحد كلر آلكالي",7,صورت وضعیت,1403/12/15,1404/01/22,265316242430,2534705260502
"تهيه، ساخت، حمل و اجرای عمليات كوبش شمع هاي بتني پيش ساخته واحد كلر آلكالي",8,صورت وضعیت,1404/01/22,1404/01/31,29293711854,2563998972356
"تهيه، ساخت، حمل و اجرای عمليات كوبش شمع هاي بتني پيش ساخته واحد كلر آلكالي",9,صورت وضعیت,1404/02/01,1404/02/31,332307193665,2896306166021
"تهيه، ساخت، حمل و اجرای عمليات كوبش شمع هاي بتني پيش ساخته واحد كلر آلكالي",10,صورت وضعیت,1404/03/01,1404/03/31,207862007530,3104168173551
"تهيه، ساخت، حمل و اجرای عمليات كوبش شمع هاي بتني پيش ساخته واحد كلر آلكالي",11,صورت وضعیت,1404/04/01,1404/05/15,45375879846,3149544053397
"تهيه، ساخت، حمل و اجرای عمليات كوبش شمع هاي بتني پيش ساخته واحد كلر آلكالي",12,صورت وضعیت,1404/05/16,1404/06/31,211022292598,3360566345995
"تهيه، ساخت، حمل و اجرای عمليات كوبش شمع هاي بتني پيش ساخته واحد كلر آلكالي",13,صورت وضعیت,1404/07/01,1404/07/30,302555151264,3663121497259
"تهيه، ساخت، حمل و اجرای عمليات كوبش شمع هاي بتني پيش ساخته واحد كلر آلكالي",14,صورت وضعیت,1404/08/01,1404/08/30,112915461646,3776036958905
"تهيه، ساخت، حمل و اجرای عمليات كوبش شمع هاي بتني پيش ساخته واحد كلر آلكالي",15,صورت وضعیت,1404/09/01,1404/09/15,37424366464,3813461325369
احداث تقاطع غیرهمسطح فلکه اول رجایی شهر به صورت گروه طرح و ساخت EPC,1,صورت وضعیت,1402/08/01,1402/09/30,97685031927,97685031927
احداث تقاطع غیرهمسطح فلکه اول رجایی شهر به صورت گروه طرح و ساخت EPC,2,صورت وضعیت,1402/10/01,1402/12/12,551377735768,649062767695
احداث تقاطع غیرهمسطح فلکه اول رجایی شهر به صورت گروه طرح و ساخت EPC,3,صورت وضعیت,1402/12/13,1402/12/29,67294133105,716356900800
احداث تقاطع غیرهمسطح فلکه اول رجایی شهر به صورت گروه طرح و ساخت EPC,4,صورت وضعیت,1403/01/01,1403/02/10,580469532541,1296826433341
احداث تقاطع غیرهمسطح فلکه اول رجایی شهر به صورت گروه طرح و ساخت EPC,5,صورت وضعیت,1403/02/11,1403/03/31,552503186189,1849329619530
احداث تقاطع غیرهمسطح فلکه اول رجایی شهر به صورت گروه طرح و ساخت EPC,6,صورت وضعیت,1403/04/01,1403/06/31,281527709119,2130857328649
احداث تقاطع غیرهمسطح فلکه اول رجایی شهر به صورت گروه طرح و ساخت EPC,7,صورت وضعیت,1403/07/01,1403/09/30,443074666007,2573931994656
احداث تقاطع غیرهمسطح فلکه اول رجایی شهر به صورت گروه طرح و ساخت EPC,8,صورت وضعیت,1403/10/01,1403/12/19,325825892837,2899757887493
احداث تقاطع غیرهمسطح فلکه اول رجایی شهر به صورت گروه طرح و ساخت EPC,9,صورت وضعیت,1403/12/20,1403/12/30,43861155448,2943619042941
احداث مجموعه ورزشی گلشن,1,صورت وضعیت,1402/09/11,1402/10/02,30784017566,30784017566
احداث مجموعه ورزشی گلشن,2,صورت وضعیت,1402/10/03,1403/03/30,114610874608,145394892174
احداث مجموعه ورزشی گلشن,3,صورت وضعیت,1403/03/31,1403/08/29,51799999342,197194891516
احداث مجموعه ورزشی گلشن,4,صورت وضعیت,1403/08/29,1403/10/02,124238289312,321433180828
احداث مجموعه ورزشی گلشن,5,صورت وضعیت,1403/10/02,1403/11/15,78875120233,400308301061
احداث مجموعه ورزشی گلشن,6,صورت وضعیت,1403/11/15,1404/02/31,84701226617,485009527678
تکمیل پروژه خانه کشتی و مجموعه ورزشی گلشن (ابنیه و تاسیسات موتور خانه و تصفیه استخر),1,صورت وضعیت,1404/07/08,1404/07/16,88650985094,88650985094
تکمیل پروژه خانه کشتی و مجموعه ورزشی گلشن (ابنیه و تاسیسات موتور خانه و تصفیه استخر),2,صورت وضعیت,1404/07/17,1404/09/08,117812750156,206463735250
تکمیل پروژه خانه کشتی و مجموعه ورزشی گلشن (ابنیه و تاسیسات موتور خانه و تصفیه استخر),3,صورت وضعیت,1404/09/09,1404/10/20,19504287935,225968023185
تکمیل پروژه خانه کشتی و مجموعه ورزشی گلشن (ابنیه و تاسیسات موتور خانه و تصفیه استخر),4,صورت وضعیت,1404/10/21,1404/11/30,146714597455,372682620640
احداث خانه کشتی شهدای شمیران نو,1,صورت وضعیت,1402/09/06,1402/10/03,31307155580,31307155580
احداث خانه کشتی شهدای شمیران نو,2,صورت وضعیت,1402/10/04,1402/12/13,42663971668,73971127248
احداث خانه کشتی شهدای شمیران نو,3,صورت وضعیت,1402/12/14,1403/03/30,70591001692,144562128940
احداث خانه کشتی شهدای شمیران نو,4,صورت وضعیت,1403/06/17,1403/08/26,90863034431,235425163371
احداث خانه کشتی شهدای شمیران نو,5,صورت وضعیت,1403/08/27,1403/10/02,89477993669,324903157040
احداث خانه کشتی شهدای شمیران نو,6,صورت وضعیت,1403/10/03,1403/11/16,201127657650,526030814690
"توسعه بی ترانس پست ۶۳،۲۰ کیلوولت صنعتی دلیجان ۲",1,صورت وضعیت,1403/08/08,1404/04/21,2280000000,2280000000
"توسعه بی ترانس پست ۶۳،۲۰ کیلوولت صنعتی دلیجان ۲",2,صورت وضعیت,1404/04/22,1404/05/12,12059399313,14339399313
"توسعه بی ترانس پست ۶۳،۲۰ کیلوولت صنعتی دلیجان ۲",3,صورت وضعیت,1404/05/13,1404/06/03,47372563860,61711963173
"توسعه بی ترانس پست ۶۳،۲۰ کیلوولت صنعتی دلیجان ۲",4,صورت وضعیت,1404/06/04,1404/06/16,24517531329,86229494502
"توسعه بی ترانس پست ۶۳،۲۰ کیلوولت صنعتی دلیجان ۲",5,صورت وضعیت,1404/06/17,1404/06/22,3374214624,89603709126
"توسعه بی ترانس پست ۶۳،۲۰ کیلوولت صنعتی دلیجان ۲",6,صورت وضعیت,1404/06/23,1404/08/03,32280343470,121884052596
"توسعه بی ترانس پست ۶۳،۲۰ کیلوولت صنعتی دلیجان ۲",7,صورت وضعیت,1404/08/04,1404/08/27,1245176153,123129228749
"توسعه بی ترانس پست ۶۳،۲۰ کیلوولت صنعتی دلیجان ۲",8,صورت وضعیت,1404/08/28,1404/09/04,3024561951,126153790700
"توسعه بی ترانس پست ۶۳،۲۰ کیلوولت صنعتی دلیجان ۲",9,صورت وضعیت,1404/08/28,1404/09/04,831125000,126984915700
"توسعه بی ترانس پست ۶۳،۲۰ کیلوولت صنعتی دلیجان ۲",10,صورت وضعیت,1404/09/05,1404/11/06,140249891305,267234807005
"توسعه بی ترانس پست ۶۳،۲۰ کیلوولت صنعتی دلیجان ۲",11,صورت وضعیت,1404/09/05,1404/11/06,5215388815,272450195820
عملیات اجرایی انتقال رسوب به یال غربی سد باطله معدن مس میدوک,1,صورت وضعیت,1402/04/01,1402/07/30,3679104226,3679104226
عملیات اجرایی انتقال رسوب به یال غربی سد باطله معدن مس میدوک,2,صورت وضعیت,1402/08/01,1402/10/30,68970754482,72649858708
عملیات اجرایی انتقال رسوب به یال غربی سد باطله معدن مس میدوک,3,صورت وضعیت,1402/11/01,1402/12/29,25237736456,97887595164
عملیات اجرایی انتقال رسوب به یال غربی سد باطله معدن مس میدوک,4,صورت وضعیت,1403/01/01,1403/03/31,35021191266,132908786430
عملیات اجرایی انتقال رسوب به یال غربی سد باطله معدن مس میدوک,5,صورت وضعیت,1403/04/01,1403/06/31,51252979171,184161765601
ساختمان شتاب دهنده شهر مهندسی ایروان,1,صورت وضعیت,7/1/2023,11/30/2023,67213171,67213171
ساختمان شتاب دهنده شهر مهندسی ایروان,2,صورت وضعیت,11/30/2023,3/29/2024,224874211,292087382
ساختمان شتاب دهنده شهر مهندسی ایروان,3,صورت وضعیت,3/29/2024,5/31/2024,316958273,609045656
ساختمان شتاب دهنده شهر مهندسی ایروان,4,صورت وضعیت,6/1/2024,10/1/2024,322050158,931095814
ساختمان شتاب دهنده شهر مهندسی ایروان,5,صورت وضعیت,10/1/2024,11/26/2022,144098387,1075194200
ساختمان شتاب دهنده شهر مهندسی ایروان,6,صورت وضعیت,11/27/2024,4/2/2025,328966949,1404161149
ساختمان شتاب دهنده شهر مهندسی ایروان,7,صورت وضعیت,3/15/2025,5/5/2025,1166383608,2570544757
ساختمان شتاب دهنده شهر مهندسی ایروان,8,صورت وضعیت,5/5/2025,5/31/2025,273559552,2844104309
احداث 32 کیلومتر راه از آگاراک به واردانیز و در ادامه به تونل موجود (بخش چهارم) کاجاران,0,صورت وضعیت,12/11/2023,12/11/2023,12000000,12000000
احداث 32 کیلومتر راه از آگاراک به واردانیز و در ادامه به تونل موجود (بخش چهارم) کاجاران,1,صورت وضعیت,2/5/2024,5/31/2024,2185861,2185861
احداث 32 کیلومتر راه از آگاراک به واردانیز و در ادامه به تونل موجود (بخش چهارم) کاجاران,2,صورت وضعیت,6/1/2024,6/30/2024,1929514,4115375
احداث 32 کیلومتر راه از آگاراک به واردانیز و در ادامه به تونل موجود (بخش چهارم) کاجاران,3,صورت وضعیت,7/1/2024,8/31/2024,2759182,6874558
احداث 32 کیلومتر راه از آگاراک به واردانیز و در ادامه به تونل موجود (بخش چهارم) کاجاران,4,صورت وضعیت,9/1/2024,9/30/2024,3037027,9911584
احداث 32 کیلومتر راه از آگاراک به واردانیز و در ادامه به تونل موجود (بخش چهارم) کاجاران,5,صورت وضعیت,10/1/2024,11/30/2024,5577549,15489133
احداث 32 کیلومتر راه از آگاراک به واردانیز و در ادامه به تونل موجود (بخش چهارم) کاجاران,6,صورت وضعیت,12/1/2024,12/16/2024,2296612,17785745
احداث 32 کیلومتر راه از آگاراک به واردانیز و در ادامه به تونل موجود (بخش چهارم) کاجاران,7,صورت وضعیت,12/17/2024,12/31/2024,2153525,19939270
احداث 32 کیلومتر راه از آگاراک به واردانیز و در ادامه به تونل موجود (بخش چهارم) کاجاران,8,صورت وضعیت,1/1/2025,1/31/2025,3445985,23385255
احداث 32 کیلومتر راه از آگاراک به واردانیز و در ادامه به تونل موجود (بخش چهارم) کاجاران,9,صورت وضعیت,2/1/2025,2/28/2025,2516358,25901613
احداث 32 کیلومتر راه از آگاراک به واردانیز و در ادامه به تونل موجود (بخش چهارم) کاجاران,10,صورت وضعیت,3/1/2025,3/31/2025,3263462,29165075
احداث 32 کیلومتر راه از آگاراک به واردانیز و در ادامه به تونل موجود (بخش چهارم) کاجاران,11,صورت وضعیت,4/1/2025,4/30/2025,2870292,32035367
احداث 32 کیلومتر راه از آگاراک به واردانیز و در ادامه به تونل موجود (بخش چهارم) کاجاران,12,صورت وضعیت,5/1/2025,5/31/2025,3796498,35831865
احداث 32 کیلومتر راه از آگاراک به واردانیز و در ادامه به تونل موجود (بخش چهارم) کاجاران,13,صورت وضعیت,6/1/2025,6/30/2025,4767377,40599243
احداث 32 کیلومتر راه از آگاراک به واردانیز و در ادامه به تونل موجود (بخش چهارم) کاجاران,14,صورت وضعیت,7/1/2025,8/31/2025,11132033,51731276
احداث 32 کیلومتر راه از آگاراک به واردانیز و در ادامه به تونل موجود (بخش چهارم) کاجاران,15,صورت وضعیت,9/1/2025,9/30/2025,5303014,57034290
احداث 32 کیلومتر راه از آگاراک به واردانیز و در ادامه به تونل موجود (بخش چهارم) کاجاران,16,صورت وضعیت,10/1/2025,11/30/2025,11313578,68347867
احداث 32 کیلومتر راه از آگاراک به واردانیز و در ادامه به تونل موجود (بخش چهارم) کاجاران,17,صورت وضعیت,12/1/2025,12/10/2025,4172036,72519903
پروژه احداث سیستم آبیارى و زهکشى ماختارال- در جمهورى قزاقستان (قطعه اول),1,صورت وضعیت,4/11/2019,5/11/2019,237308073,237308073
پروژه احداث سیستم آبیارى و زهکشى ماختارال- در جمهورى قزاقستان (قطعه اول),2,صورت وضعیت,5/12/2019,6/30/2019,223881231,461189304
پروژه احداث سیستم آبیارى و زهکشى ماختارال- در جمهورى قزاقستان (قطعه اول),3,صورت وضعیت,7/1/2019,7/31/2019,225039326,686228630
پروژه احداث سیستم آبیارى و زهکشى ماختارال- در جمهورى قزاقستان (قطعه اول),4,صورت وضعیت,8/1/2019,9/15/2019,201364559,887593189
پروژه احداث سیستم آبیارى و زهکشى ماختارال- در جمهورى قزاقستان (قطعه اول),5,صورت وضعیت,9/16/2019,10/31/2019,391532013,1279125201
پروژه احداث سیستم آبیارى و زهکشى ماختارال- در جمهورى قزاقستان (قطعه اول),6,صورت وضعیت,11/1/2019,11/15/2019,350370286,1629495487
پروژه احداث سیستم آبیارى و زهکشى ماختارال- در جمهورى قزاقستان (قطعه اول),7,صورت وضعیت,11/16/2019,11/30/2019,540557001,2170052488
پروژه احداث سیستم آبیارى و زهکشى ماختارال- در جمهورى قزاقستان (قطعه اول),8,صورت وضعیت,12/1/2019,12/5/2019,312668598,2482721086
پروژه احداث سیستم آبیارى و زهکشى ماختارال- در جمهورى قزاقستان (قطعه اول),9,صورت وضعیت,12/6/2019,12/11/2019,152619377,2635340463
پروژه احداث سیستم آبیارى و زهکشى ماختارال- در جمهورى قزاقستان (قطعه اول),10,صورت وضعیت,12/12/2019,12/31/2019,181181942,2816522405
پروژه احداث سیستم آبیارى و زهکشى ماختارال- در جمهورى قزاقستان (قطعه اول),11,صورت وضعیت,1/1/2020,2/29/2020,125343556,2941865962
پروژه احداث سیستم آبیارى و زهکشى ماختارال- در جمهورى قزاقستان (قطعه اول),12,صورت وضعیت,3/1/2020,4/30/2020,1132964786,4074830748
پروژه احداث سیستم آبیارى و زهکشى ماختارال- در جمهورى قزاقستان (قطعه اول),13,صورت وضعیت,5/1/2020,5/31/2020,304841027,4379671775
پروژه احداث سیستم آبیارى و زهکشى ماختارال- در جمهورى قزاقستان (قطعه اول),14,صورت وضعیت,6/1/2020,6/30/2020,228000571,4607672346
پروژه احداث سیستم آبیارى و زهکشى ماختارال- در جمهورى قزاقستان (قطعه اول),15,صورت وضعیت,7/1/2020,7/31/2020,297353623,4905025969
پروژه احداث سیستم آبیارى و زهکشى ماختارال- در جمهورى قزاقستان (قطعه اول),16,صورت وضعیت,8/1/2020,8/31/2020,270726682,5175752651
پروژه احداث سیستم آبیارى و زهکشى ماختارال- در جمهورى قزاقستان (قطعه اول),17,صورت وضعیت,9/1/2020,9/30/2020,440318730,5616071381
پروژه احداث سیستم آبیارى و زهکشى ماختارال- در جمهورى قزاقستان (قطعه اول),18,صورت وضعیت,10/1/2020,10/20/2020,567971641,6184043022
پروژه احداث سیستم آبیارى و زهکشى ماختارال- در جمهورى قزاقستان (قطعه اول),19,صورت وضعیت,10/21/2020,10/26/2020,107542352,6291585374
پروژه احداث سیستم آبیارى و زهکشى ماختارال- در جمهورى قزاقستان (قطعه اول),20,صورت وضعیت,10/27/2020,11/20/2020,956293381,7247878756
پروژه احداث سیستم آبیارى و زهکشى ماختارال- در جمهورى قزاقستان (قطعه اول),21,صورت وضعیت,11/21/2020,12/15/2020,1090977394,8338856149
پروژه احداث سیستم آبیارى و زهکشى ماختارال- در جمهورى قزاقستان (قطعه اول),22,صورت وضعیت,12/16/2020,2/20/2021,707645633,9046501782
پروژه احداث سیستم آبیارى و زهکشى ماختارال- در جمهورى قزاقستان (قطعه اول),23,صورت وضعیت,2/21/2021,3/21/2021,495705231,9542207013
پروژه احداث سیستم آبیارى و زهکشى ماختارال- در جمهورى قزاقستان (قطعه اول),24,صورت وضعیت,3/22/2021,4/21/2021,534405417,10076612430
پروژه احداث سیستم آبیارى و زهکشى ماختارال- در جمهورى قزاقستان (قطعه اول),25,صورت وضعیت,4/22/2021,5/18/2021,521679297,10598291727
پروژه احداث سیستم آبیارى و زهکشى ماختارال- در جمهورى قزاقستان (قطعه اول),26,صورت وضعیت,5/19/2021,6/18/2021,419726089,11018017816
پروژه احداث سیستم آبیارى و زهکشى ماختارال- در جمهورى قزاقستان (قطعه اول),27,صورت وضعیت,6/19/2021,6/26/2021,106738825,11124756642
پروژه احداث سیستم آبیارى و زهکشى ماختارال- در جمهورى قزاقستان (قطعه اول),28,صورت وضعیت,6/27/2021,7/20/2021,380638931,11505395573
پروژه احداث سیستم آبیارى و زهکشى ماختارال- در جمهورى قزاقستان (قطعه اول),29,صورت وضعیت,7/21/2021,8/20/2021,449175346,11954570919
پروژه احداث سیستم آبیارى و زهکشى ماختارال- در جمهورى قزاقستان (قطعه اول),30,صورت وضعیت,8/21/2021,9/20/2021,578072500,12532643419
پروژه احداث سیستم آبیارى و زهکشى ماختارال- در جمهورى قزاقستان (قطعه اول),31,صورت وضعیت,9/21/2021,10/18/2021,710043873,13242687293
پروژه احداث سیستم آبیارى و زهکشى ماختارال- در جمهورى قزاقستان (قطعه اول),32,صورت وضعیت,10/19/2021,11/20/2021,872235685,14114922977
پروژه احداث سیستم آبیارى و زهکشى ماختارال- در جمهورى قزاقستان (قطعه اول),33,صورت وضعیت,11/21/2021,12/15/2021,849755558,14964678535
پروژه احداث سیستم آبیارى و زهکشى ماختارال- در جمهورى قزاقستان (قطعه اول),34,صورت وضعیت,12/16/2021,2/20/2022,331095212,15295773747
پروژه احداث سیستم آبیارى و زهکشى ماختارال- در جمهورى قزاقستان (قطعه اول),35,صورت وضعیت,2/21/2022,3/18/2022,176388565,15472162312
پروژه احداث سیستم آبیارى و زهکشى ماختارال- در جمهورى قزاقستان (قطعه اول),36,صورت وضعیت,3/19/2022,4/20/2022,335978834,15808141147
پروژه احداث سیستم آبیارى و زهکشى ماختارال- در جمهورى قزاقستان (قطعه اول),37,صورت وضعیت,4/21/2022,5/20/2022,420823853,16228965000
پروژه احداث سیستم آبیارى و زهکشى ماختارال- در جمهورى قزاقستان (قطعه اول),38,صورت وضعیت,5/21/2022,6/20/2022,422366801,16651331801
پروژه احداث سیستم آبیارى و زهکشى ماختارال- در جمهورى قزاقستان (قطعه اول),39,صورت وضعیت,6/21/2022,7/20/2022,350686615,17002018416
پروژه احداث سیستم آبیارى و زهکشى ماختارال- در جمهورى قزاقستان (قطعه اول),40,صورت وضعیت,7/21/2022,17 Aug 2О22,415066498,17417084913
پروژه احداث سیستم آبیارى و زهکشى ماختارال- در جمهورى قزاقستان (قطعه اول),41,صورت وضعیت,8/18/2022,9/20/2022,522181266,17939266179
پروژه احداث سیستم آبیارى و زهکشى ماختارال- در جمهورى قزاقستان (قطعه اول),42,صورت وضعیت,9/21/2022,10/20/2022,552329049,18491595228
پروژه احداث سیستم آبیارى و زهکشى ماختارال- در جمهورى قزاقستان (قطعه اول),43,صورت وضعیت,10/21/2022,11/20/2022,335668451,18827263680
پروژه احداث سیستم آبیارى و زهکشى ماختارال- در جمهورى قزاقستان (قطعه اول),44,صورت وضعیت,11/21/2022,12/20/2022,501142248,19328405928
پروژه احداث سیستم آبیارى و زهکشى ماختارال- در جمهورى قزاقستان (قطعه اول),45,صورت وضعیت,12/21/2022,2/20/2023,290172488,19618578416
پروژه احداث سیستم آبیارى و زهکشى ماختارال- در جمهورى قزاقستان (قطعه اول),46,صورت وضعیت,2/21/2023,3/17/2023,247652915,19866231331
پروژه احداث سیستم آبیارى و زهکشى ماختارال- در جمهورى قزاقستان (قطعه اول),47,صورت وضعیت,3/18/2023,4/20/2023,185960536,20052191867
پروژه احداث سیستم آبیارى و زهکشى ماختارال- در جمهورى قزاقستان (قطعه اول),48,صورت وضعیت,4/21/2023,5/20/2023,310268440,20362460307
پروژه احداث سیستم آبیارى و زهکشى ماختارال- در جمهورى قزاقستان (قطعه اول),49,صورت وضعیت,5/21/2023,6/20/2023,230419347,20592879653
پروژه احداث سیستم آبیارى و زهکشى ماختارال- در جمهورى قزاقستان (قطعه اول),50,صورت وضعیت,6/21/2023,7/20/2023,193954557,20786834211
پروژه احداث سیستم آبیارى و زهکشى ماختارال- در جمهورى قزاقستان (قطعه اول),51,صورت وضعیت,7/21/2023,8/17/2023,163054338,20949888549
پروژه احداث سیستم آبیارى و زهکشى ماختارال- در جمهورى قزاقستان (قطعه اول),52,صورت وضعیت,8/18/2023,9/20/2023,272504126,21222392675
پروژه احداث سیستم آبیارى و زهکشى ماختارال- در جمهورى قزاقستان (قطعه اول),53,صورت وضعیت,9/21/2023,10/20/2023,293187835,21515580510
پروژه احداث سیستم آبیارى و زهکشى ماختارال- در جمهورى قزاقستان (قطعه اول),54,صورت وضعیت,10/21/2023,12/20/2023,363708397,21879288907
پروژه احداث سیستم آبیارى و زهکشى ماختارال- در جمهورى قزاقستان (قطعه اول),55,صورت وضعیت,12/21/2023,1/17/2024,114695842,21993984749
پروژه احداث سیستم آبیارى و زهکشى ماختارال- در جمهورى قزاقستان (قطعه اول),56,صورت وضعیت,1/18/2024,2/17/2024,157284200,22151268949
پروژه احداث سیستم آبیارى و زهکشى ماختارال- در جمهورى قزاقستان (قطعه اول),57,صورت وضعیت,2/18/2024,3/18/2024,107859114,22259128062
پروژه احداث سیستم آبیارى و زهکشى ماختارال- در جمهورى قزاقستان (قطعه اول),58,صورت وضعیت,3/19/2024,4/20/2024,116767261,22375895324
پروژه احداث سیستم آبیارى و زهکشى ماختارال- در جمهورى قزاقستان (قطعه اول),59,صورت وضعیت,4/21/2024,5/17/2024,138688405,22514583729
پروژه احداث سیستم آبیارى و زهکشى ماختارال- در جمهورى قزاقستان (قطعه اول),60,صورت وضعیت,5/18/2024,6/20/2024,201219147,22715802876
پروژه احداث سیستم آبیارى و زهکشى ماختارال- در جمهورى قزاقستان (قطعه اول),61,صورت وضعیت,6/21/2024,7/20/2024,165379735,22881182610
پروژه احداث سیستم آبیارى و زهکشى ماختارال- در جمهورى قزاقستان (قطعه اول),62,صورت وضعیت,7/21/2024,8/20/2024,120803848,23001986458
پروژه احداث سیستم آبیارى و زهکشى ماختارال- در جمهورى قزاقستان (قطعه اول),63,صورت وضعیت,8/21/2024,9/20/2024,131636505,23133622963
پروژه احداث سیستم آبیارى و زهکشى ماختارال- در جمهورى قزاقستان (قطعه اول),64,صورت وضعیت,9/21/2024,10/20/2024,140551976,23274174940
پروژه احداث سیستم آبیارى و زهکشى ماختارال- در جمهورى قزاقستان (قطعه اول),65,صورت وضعیت,10/21/2024,11/20/2024,96216776,23370391716
پروژه احداث سیستم آبیارى و زهکشى ماختارال- در جمهورى قزاقستان (قطعه اول),66,صورت وضعیت,11/21/2024,12/17/2024,218789471,23589181187
پروژه احداث سیستم آبیارى و زهکشى ماختارال- در جمهورى قزاقستان (قطعه اول),67,صورت وضعیت,12/18/2024,1/20/2025,41896289,23631077476
پروژه احداث سیستم آبیارى و زهکشى ماختارال- در جمهورى قزاقستان (قطعه اول),68,صورت وضعیت,1/21/2025,2/16/2025,513110460,24144187936
پروژه احداث سیستم آبیارى و زهکشى ماختارال- در جمهورى قزاقستان (قطعه اول),69,صورت وضعیت,2/17/2025,3/18/2025,50263078,24194451013
پروژه احداث سیستم آبیارى و زهکشى ماختارال- در جمهورى قزاقستان (قطعه اول),70,صورت وضعیت,3/19/2025,4/20/2025,72092083,24266543096
پروژه احداث سیستم آبیارى و زهکشى ماختارال- در جمهورى قزاقستان (قطعه اول),71,صورت وضعیت,4/21/2025,5/20/2025,137543053,24404086149
پروژه احداث سیستم آبیارى و زهکشى ماختارال- در جمهورى قزاقستان (قطعه اول),72,صورت وضعیت,5/21/2025,6/20/2025,127689387,24531775537
پروژه احداث سیستم آبیارى و زهکشى ماختارال- در جمهورى قزاقستان (قطعه اول),73,صورت وضعیت,6/21/2025,7/20/2025,82778924,24614554460
پروژه احداث سیستم آبیارى و زهکشى ماختارال- در جمهورى قزاقستان (قطعه اول),74,صورت وضعیت,7/21/2025,8/20/2025,145397158,24759951618
پروژه احداث سیستم آبیارى و زهکشى ماختارال- در جمهورى قزاقستان (قطعه اول),75,صورت وضعیت,8/21/2025,9/20/2025,112323360,24872274978
پروژه احداث سیستم آبیارى و زهکشى ماختارال- در جمهورى قزاقستان (قطعه اول),76,صورت وضعیت,9/21/2025,10/15/2025,244079426,25116354404
پروژه احداث سیستم آبیارى و زهکشى ماختارال- در جمهورى قزاقستان (قطعه اول),77,صورت وضعیت,10/16/2025,11/20/2025,216060398,25332414802
پروژه احداث سیستم آبیارى و زهکشى ماختارال- در جمهورى قزاقستان (قطعه اول),78,صورت وضعیت,11/21/2025,11/22/2025,0,25332414802
پروژه احداث سیستم آبیارى و زهکشى ماختارال- در جمهورى قزاقستان (قطعه اول),79,صورت وضعیت,11/23/2025,12/10/2025,644500702,25976915504
پروژه احداث سیستم آبیارى و زهکشى ماختارال- در جمهورى قزاقستان (قطعه اول),80,صورت وضعیت,12/11/2025,12/25/2025,0,25976915504
پروژه احداث سیستم آبیارى و زهکشى PMC- در جمهورى قزاقستان,1,صورت وضعیت,2/4/2022,2/20/2022,70789227,70789227
پروژه احداث سیستم آبیارى و زهکشى PMC- در جمهورى قزاقستان,3,صورت وضعیت,2/21/2022,3/30/2022,8900692,79689919
پروژه احداث سیستم آبیارى و زهکشى PMC- در جمهورى قزاقستان,4,صورت وضعیت,3/31/2022,4/20/2022,50364886,130054805
پروژه احداث سیستم آبیارى و زهکشى PMC- در جمهورى قزاقستان,5,صورت وضعیت,4/21/2022,5/20/2022,67253219,197308023
پروژه احداث سیستم آبیارى و زهکشى PMC- در جمهورى قزاقستان,6,صورت وضعیت,5/21/2022,6/20/2022,100104959,297412982
پروژه احداث سیستم آبیارى و زهکشى PMC- در جمهورى قزاقستان,7,صورت وضعیت,6/21/2022,7/20/2022,213613839,511026821
پروژه احداث سیستم آبیارى و زهکشى PMC- در جمهورى قزاقستان,8,صورت وضعیت,7/21/2022,8/18/2022,342923644,853950465
پروژه احداث سیستم آبیارى و زهکشى PMC- در جمهورى قزاقستان,9,صورت وضعیت,8/19/2022,9/19/2022,373546432,1227496897
پروژه احداث سیستم آبیارى و زهکشى PMC- در جمهورى قزاقستان,10,صورت وضعیت,9/20/2022,10/19/2022,256121906,1483618802
پروژه احداث سیستم آبیارى و زهکشى PMC- در جمهورى قزاقستان,11,صورت وضعیت,10/20/2022,11/18/2022,300293967,1783912770
پروژه احداث سیستم آبیارى و زهکشى PMC- در جمهورى قزاقستان,12,صورت وضعیت,11/19/2022,12/20/2022,380828401,2164741170
پروژه احداث سیستم آبیارى و زهکشى PMC- در جمهورى قزاقستان,13,صورت وضعیت,12/21/2022,12/25/2022,87840244,2252581415
پروژه احداث سیستم آبیارى و زهکشى PMC- در جمهورى قزاقستان,14,صورت وضعیت,12/26/2022,1/20/2023,269927153,2522508568
پروژه احداث سیستم آبیارى و زهکشى PMC- در جمهورى قزاقستان,15,صورت وضعیت,1/21/2023,2/20/2023,120926809,2643435377
پروژه احداث سیستم آبیارى و زهکشى PMC- در جمهورى قزاقستان,16,صورت وضعیت,2/21/2023,3/20/2023,302227675,2945663052
پروژه احداث سیستم آبیارى و زهکشى PMC- در جمهورى قزاقستان,17,صورت وضعیت,3/21/2023,4/20/2023,457872007,3403535060
پروژه احداث سیستم آبیارى و زهکشى PMC- در جمهورى قزاقستان,18,صورت وضعیت,4/21/2023,5/20/2023,566582482,3970117541
پروژه احداث سیستم آبیارى و زهکشى PMC- در جمهورى قزاقستان,19,صورت وضعیت,5/21/2023,6/20/2023,308595730,4278713271
پروژه احداث سیستم آبیارى و زهکشى PMC- در جمهورى قزاقستان,20,صورت وضعیت,6/21/2023,7/20/2023,433802873,4712516144
پروژه احداث سیستم آبیارى و زهکشى PMC- در جمهورى قزاقستان,21,صورت وضعیت,7/21/2023,9/20/2023,163258858,4875775003
پروژه احداث سیستم آبیارى و زهکشى PMC- در جمهورى قزاقستان,22,صورت وضعیت,9/21/2023,11/20/2023,120870724,4996645727
پروژه احداث سیستم آبیارى و زهکشى PMC- در جمهورى قزاقستان,23,صورت وضعیت,11/21/2023,5/20/2024,99099448,5095745175
پروژه احداث سیستم آبیارى و زهکشى PMC- در جمهورى قزاقستان,24,صورت وضعیت,5/21/2024,6/20/2024,107467100,5203212276
پروژه احداث سیستم آبیارى و زهکشى PMC- در جمهورى قزاقستان,25,صورت وضعیت,6/21/2024,7/20/2024,100512915,5303725191
پروژه احداث سیستم آبیارى و زهکشى PMC- در جمهورى قزاقستان,26,صورت وضعیت,7/21/2024,8/20/2024,77400762,5381125952
پروژه احداث سیستم آبیارى و زهکشى PMC- در جمهورى قزاقستان,27,صورت وضعیت,8/21/2024,9/20/2024,70468079,5451594031
پروژه احداث سیستم آبیارى و زهکشى PMC- در جمهورى قزاقستان,28,صورت وضعیت,9/21/2024,10/20/2024,105255739,5556849770
پروژه احداث سیستم آبیارى و زهکشى PMC- در جمهورى قزاقستان,29,صورت وضعیت,10/21/2024,11/20/2024,102285294,5659135064
پروژه احداث سیستم آبیارى و زهکشى PMC- در جمهورى قزاقستان,30,صورت وضعیت,11/21/2024,12/17/2024,241670918,5900805982
پروژه احداث سیستم آبیارى و زهکشى PMC- در جمهورى قزاقستان,31,صورت وضعیت,12/18/2024,4/20/2025,178210551,6079016532
پروژه احداث سیستم آبیارى و زهکشى PMC- در جمهورى قزاقستان,32,صورت وضعیت,4/21/2025,5/20/2025,187903385,6266919917
پروژه احداث سیستم آبیارى و زهکشى PMC- در جمهورى قزاقستان,33,صورت وضعیت,5/21/2025,7/20/2025,103580389,6370500306
پروژه احداث سیستم آبیارى و زهکشى PMC- در جمهورى قزاقستان,34,صورت وضعیت,7/21/2025,8/20/2025,16520069,6387020376
پروژه احداث سیستم آبیارى و زهکشى PMC- در جمهورى قزاقستان,35,صورت وضعیت,8/21/2025,9/20/2025,18510691,6405531067
پروژه احداث سیستم آبیارى و زهکشى PMC- در جمهورى قزاقستان,36,صورت وضعیت,9/21/2025,10/20/2025,25112213,6430643280
پروژه احداث سیستم آبیارى و زهکشى PMC- در جمهورى قزاقستان,37,صورت وضعیت,10/21/2025,11/20/2025,79602676,6510245956
پروژه احداث سیستم آبیارى و زهکشى PMC- در جمهورى قزاقستان,38,صورت وضعیت,11/21/2025,12/10/2025,-814988825,5695257131
پروژه احداث سیستم آبیارى و زهکشى PMC- در جمهورى قزاقستان,39,صورت وضعیت,12/11/2025,12/23/2025,121894375,5817151506
پروژه احداث سیستم آبیارى و زهکشى آریس  ترکستان  1 در جمهورى قزاقستان,1,صورت وضعیت,4/11/2019,5/11/2019,117168296,117168296
پروژه احداث سیستم آبیارى و زهکشى آریس  ترکستان  1 در جمهورى قزاقستان,2,صورت وضعیت,5/12/2019,6/30/2019,194556579,311724875
پروژه احداث سیستم آبیارى و زهکشى آریس  ترکستان  1 در جمهورى قزاقستان,3,صورت وضعیت,7/1/2019,8/31/2019,93669038,405393913
پروژه احداث سیستم آبیارى و زهکشى آریس  ترکستان  1 در جمهورى قزاقستان,4,صورت وضعیت,9/1/2019,10/20/2019,110847766,516241679
پروژه احداث سیستم آبیارى و زهکشى آریس  ترکستان  1 در جمهورى قزاقستان,5,صورت وضعیت,10/21/2019,11/10/2019,150047471,666289150
پروژه احداث سیستم آبیارى و زهکشى آریس  ترکستان  1 در جمهورى قزاقستان,6,صورت وضعیت,11/11/2019,11/30/2019,213388454,879677604
پروژه احداث سیستم آبیارى و زهکشى آریس  ترکستان  1 در جمهورى قزاقستان,7,صورت وضعیت,12/1/2019,12/5/2019,180826220,1060503824
پروژه احداث سیستم آبیارى و زهکشى آریس  ترکستان  1 در جمهورى قزاقستان,8,صورت وضعیت,12/6/2019,12/31/2019,21563829,1082067653
پروژه احداث سیستم آبیارى و زهکشى آریس  ترکستان  1 در جمهورى قزاقستان,9,صورت وضعیت,1/1/2020,3/31/2020,124246747,1206314399
پروژه احداث سیستم آبیارى و زهکشى آریس  ترکستان  1 در جمهورى قزاقستان,10,صورت وضعیت,4/1/2020,4/30/2020,194376659,1400691058
پروژه احداث سیستم آبیارى و زهکشى آریس  ترکستان  1 در جمهورى قزاقستان,11,صورت وضعیت,5/1/2020,5/31/2020,141489974,1542181033
پروژه احداث سیستم آبیارى و زهکشى آریس  ترکستان  1 در جمهورى قزاقستان,12,صورت وضعیت,6/1/2020,6/30/2020,156760586,1698941619
پروژه احداث سیستم آبیارى و زهکشى آریس  ترکستان  1 در جمهورى قزاقستان,13,صورت وضعیت,7/1/2020,7/31/2020,99693369,1798634988
پروژه احداث سیستم آبیارى و زهکشى آریس  ترکستان  1 در جمهورى قزاقستان,14,صورت وضعیت,8/1/2020,8/31/2020,83970495,1882605482
پروژه احداث سیستم آبیارى و زهکشى آریس  ترکستان  1 در جمهورى قزاقستان,15,صورت وضعیت,9/1/2020,9/30/2020,86082523,1968688005
پروژه احداث سیستم آبیارى و زهکشى آریس  ترکستان  1 در جمهورى قزاقستان,16,صورت وضعیت,10/1/2020,10/20/2020,162136505,2130824510
پروژه احداث سیستم آبیارى و زهکشى آریس  ترکستان  1 در جمهورى قزاقستان,17,صورت وضعیت,10/21/2020,11/20/2020,136454906,2267279417
پروژه احداث سیستم آبیارى و زهکشى آریس  ترکستان  1 در جمهورى قزاقستان,18,صورت وضعیت,11/21/2020,11/24/2020,235414731,2502694148
پروژه احداث سیستم آبیارى و زهکشى آریس  ترکستان  1 در جمهورى قزاقستان,19,صورت وضعیت,11/25/2020,12/15/2020,90561780,2593255928
پروژه احداث سیستم آبیارى و زهکشى آریس  ترکستان  1 در جمهورى قزاقستان,20,صورت وضعیت,12/16/2020,1/31/2021,120260454,2713516382
پروژه احداث سیستم آبیارى و زهکشى آریس  ترکستان  1 در جمهورى قزاقستان,21,صورت وضعیت,2/1/2021,3/21/2021,133111912,2846628293
پروژه احداث سیستم آبیارى و زهکشى آریس  ترکستان  1 در جمهورى قزاقستان,22,صورت وضعیت,3/22/2021,4/20/2021,84801483,2931429776
پروژه احداث سیستم آبیارى و زهکشى آریس  ترکستان  1 در جمهورى قزاقستان,23,صورت وضعیت,4/21/2021,5/18/2021,120475045,3051904821
پروژه احداث سیستم آبیارى و زهکشى آریس  ترکستان  1 در جمهورى قزاقستان,24,صورت وضعیت,5/19/2021,6/20/2021,94914749,3146819570
پروژه احداث سیستم آبیارى و زهکشى آریس  ترکستان  1 در جمهورى قزاقستان,25,صورت وضعیت,6/21/2021,7/21/2021,87554544,3234374115
پروژه احداث سیستم آبیارى و زهکشى آریس  ترکستان  1 در جمهورى قزاقستان,26,صورت وضعیت,7/21/2021,9/20/2021,295579571,3529953686
پروژه احداث سیستم آبیارى و زهکشى آریس  ترکستان  1 در جمهورى قزاقستان,27,صورت وضعیت,9/21/2021,10/18/2021,161478490,3691432176
پروژه احداث سیستم آبیارى و زهکشى آریس  ترکستان  1 در جمهورى قزاقستان,28,صورت وضعیت,10/19/2021,11/20/2021,152842865,3844275041
پروژه احداث سیستم آبیارى و زهکشى آریس  ترکستان  1 در جمهورى قزاقستان,29,صورت وضعیت,11/21/2021,12/15/2021,161683913,4005958954
پروژه احداث سیستم آبیارى و زهکشى آریس  ترکستان  1 در جمهورى قزاقستان,30,صورت وضعیت,12/16/2021,3/5/2022,151841975,4157800929
پروژه احداث سیستم آبیارى و زهکشى آریس  ترکستان  1 در جمهورى قزاقستان,31,صورت وضعیت,3/6/2022,3/18/2022,162601987,4320402916
پروژه احداث سیستم آبیارى و زهکشى آریس  ترکستان  1 در جمهورى قزاقستان,32,صورت وضعیت,3/19/2022,4/20/2022,155127628,4475530544
پروژه احداث سیستم آبیارى و زهکشى آریس  ترکستان  1 در جمهورى قزاقستان,33,صورت وضعیت,4/21/2022,5/20/2022,190156240,4665686784
پروژه احداث سیستم آبیارى و زهکشى آریس  ترکستان  1 در جمهورى قزاقستان,34,صورت وضعیت,5/21/2022,6/20/2022,237081837,4902768621
پروژه احداث سیستم آبیارى و زهکشى آریس  ترکستان  1 در جمهورى قزاقستان,35,صورت وضعیت,6/21/2022,7/20/2022,236455073,5139223694
پروژه احداث سیستم آبیارى و زهکشى آریس  ترکستان  1 در جمهورى قزاقستان,36,صورت وضعیت,7/21/2022,8/17/2022,231250797,5370474491
پروژه احداث سیستم آبیارى و زهکشى آریس  ترکستان  1 در جمهورى قزاقستان,37,صورت وضعیت,8/18/2022,9/20/2022,266289801,5636764292
پروژه احداث سیستم آبیارى و زهکشى آریس  ترکستان  1 در جمهورى قزاقستان,38,صورت وضعیت,9/21/2022,10/20/2022,291513724,5928278016
پروژه احداث سیستم آبیارى و زهکشى آریس  ترکستان  1 در جمهورى قزاقستان,39,صورت وضعیت,10/21/2022,11/20/2022,263172752,6191450768
پروژه احداث سیستم آبیارى و زهکشى آریس  ترکستان  1 در جمهورى قزاقستان,40,صورت وضعیت,11/21/2022,12/20/2022,320703078,6512153846
پروژه احداث سیستم آبیارى و زهکشى آریس  ترکستان  1 در جمهورى قزاقستان,41,صورت وضعیت,12/21/2022,1/20/2023,104130157,6616284004
پروژه احداث سیستم آبیارى و زهکشى آریس  ترکستان  1 در جمهورى قزاقستان,42,صورت وضعیت,1/21/2023,2/20/2023,132664445,6748948449
پروژه احداث سیستم آبیارى و زهکشى آریس  ترکستان  1 در جمهورى قزاقستان,43,صورت وضعیت,2/21/2023,3/18/2023,162813500,6911761948
پروژه احداث سیستم آبیارى و زهکشى آریس  ترکستان  1 در جمهورى قزاقستان,44,صورت وضعیت,3/19/2023,4/20/2023,150170655,7061932603
پروژه احداث سیستم آبیارى و زهکشى آریس  ترکستان  1 در جمهورى قزاقستان,45,صورت وضعیت,4/21/2023,5/20/2023,150892694,7212825298
پروژه احداث سیستم آبیارى و زهکشى آریس  ترکستان  1 در جمهورى قزاقستان,46,صورت وضعیت,5/21/2023,6/20/2023,183601963,7396427261
پروژه احداث سیستم آبیارى و زهکشى آریس  ترکستان  1 در جمهورى قزاقستان,47,صورت وضعیت,6/21/2023,7/20/2023,90010399,7486437660
پروژه احداث سیستم آبیارى و زهکشى آریس  ترکستان  1 در جمهورى قزاقستان,48,صورت وضعیت,7/21/2023,8/17/2023,132096078,7618533739
پروژه احداث سیستم آبیارى و زهکشى آریس  ترکستان  1 در جمهورى قزاقستان,49,صورت وضعیت,8/18/2023,9/20/2023,268942140,7887475879
پروژه احداث سیستم آبیارى و زهکشى آریس  ترکستان  1 در جمهورى قزاقستان,50,صورت وضعیت,9/21/2023,10/20/2023,269272149,8156748028
پروژه احداث سیستم آبیارى و زهکشى آریس  ترکستان  1 در جمهورى قزاقستان,51,صورت وضعیت,10/21/2023,11/17/2023,270189855,8426937883
پروژه احداث سیستم آبیارى و زهکشى آریس  ترکستان  1 در جمهورى قزاقستان,52,صورت وضعیت,11/18/2023,12/20/2023,275934707,8702872590
پروژه احداث سیستم آبیارى و زهکشى آریس  ترکستان  1 در جمهورى قزاقستان,53,صورت وضعیت,12/21/2023,1/17/2024,111512886,8814385476
پروژه احداث سیستم آبیارى و زهکشى آریس  ترکستان  1 در جمهورى قزاقستان,54,صورت وضعیت,1/18/2024,2/17/2024,112473241,8926858717
پروژه احداث سیستم آبیارى و زهکشى آریس  ترکستان  1 در جمهورى قزاقستان,55,صورت وضعیت,2/18/2024,3/18/2024,136442260,9063300977
پروژه احداث سیستم آبیارى و زهکشى آریس  ترکستان  1 در جمهورى قزاقستان,56,صورت وضعیت,3/19/2024,4/20/2024,104574578,9167875554
پروژه احداث سیستم آبیارى و زهکشى آریس  ترکستان  1 در جمهورى قزاقستان,57,صورت وضعیت,4/21/2024,5/17/2024,124579453,9292455007
پروژه احداث سیستم آبیارى و زهکشى آریس  ترکستان  1 در جمهورى قزاقستان,58,صورت وضعیت,5/18/2024,6/20/2024,217693311,9510148318
پروژه احداث سیستم آبیارى و زهکشى آریس  ترکستان  1 در جمهورى قزاقستان,59,صورت وضعیت,6/21/2024,7/20/2024,112591283,9622739602
پروژه احداث سیستم آبیارى و زهکشى آریس  ترکستان  1 در جمهورى قزاقستان,60,صورت وضعیت,7/21/2024,8/20/2024,53515649,9676255251
پروژه احداث سیستم آبیارى و زهکشى آریس  ترکستان  1 در جمهورى قزاقستان,61,صورت وضعیت,8/21/2024,9/20/2024,67857689,9744112940
پروژه احداث سیستم آبیارى و زهکشى آریس  ترکستان  1 در جمهورى قزاقستان,62,صورت وضعیت,9/21/2024,10/20/2024,104608003,9848720943
پروژه احداث سیستم آبیارى و زهکشى آریس  ترکستان  1 در جمهورى قزاقستان,63,صورت وضعیت,10/21/2024,11/20/2024,60476092,9909197035
پروژه احداث سیستم آبیارى و زهکشى آریس  ترکستان  1 در جمهورى قزاقستان,64,صورت وضعیت,11/21/2024,12/17/2024,135432361,10044629396
پروژه احداث سیستم آبیارى و زهکشى آریس  ترکستان  1 در جمهورى قزاقستان,65,صورت وضعیت,12/18/2024,2/16/2025,215025701,10259655097
پروژه احداث سیستم آبیارى و زهکشى آریس  ترکستان  1 در جمهورى قزاقستان,66,صورت وضعیت,2/17/2025,3/20/2025,59111164,10318766261
پروژه احداث سیستم آبیارى و زهکشى آریس  ترکستان  1 در جمهورى قزاقستان,67,صورت وضعیت,3/19/2025,5/20/2025,113598362,10432364623
پروژه احداث سیستم آبیارى و زهکشى آریس  ترکستان  1 در جمهورى قزاقستان,68,صورت وضعیت,5/21/2025,6/20/2025,26002018,10458366641
پروژه احداث سیستم آبیارى و زهکشى آریس  ترکستان  1 در جمهورى قزاقستان,69,صورت وضعیت,6/21/2025,7/20/2025,15190851,10473557492
پروژه احداث سیستم آبیارى و زهکشى آریس  ترکستان  1 در جمهورى قزاقستان,70,صورت وضعیت,7/21/2025,8/20/2025,19808658,10493366150
پروژه احداث سیستم آبیارى و زهکشى آریس  ترکستان  1 در جمهورى قزاقستان,71,صورت وضعیت,8/21/2025,9/20/2025,178549404,10671915554
پروژه احداث سیستم آبیارى و زهکشى آریس  ترکستان  1 در جمهورى قزاقستان,72,صورت وضعیت,9/21/2025,10/15/2025,47502560,10719418113
پروژه احداث سیستم آبیارى و زهکشى آریس  ترکستان  1 در جمهورى قزاقستان,73,صورت وضعیت,10/16/2025,11/20/2025,174234980,10893653093
پروژه احداث سیستم آبیارى و زهکشى آریس  ترکستان  1 در جمهورى قزاقستان,74,صورت وضعیت,11/21/2025,12/10/2025,29942582,10923595675
پروژه احداث سیستم آبیارى و زهکشى آریس  ترکستان  1 در جمهورى قزاقستان,75,صورت وضعیت,12/11/2025,12/25/2025,0,10923595675
بازسازی ساختمان گمرگ ارمنستان در مرز باگراتاشن,1,صورت وضعیت,-,-,40704410,40704410
بازسازی ساختمان گمرگ ارمنستان در مرز باگراتاشن,2,صورت وضعیت,-,-,79217161,119921571
بازسازی ساختمان گمرگ ارمنستان در مرز باگراتاشن,3,صورت وضعیت,-,-,32937208,152858779
بازسازی ساختمان گمرگ ارمنستان در مرز باگراتاشن,4,صورت وضعیت,-,-,138715813,291574592
بازسازی ساختمان گمرگ ارمنستان در مرز باگراتاشن,5,صورت وضعیت,-,-,129973237,421547829
بازسازی ساختمان گمرگ ارمنستان در مرز باگراتاشن,6,صورت وضعیت,-,-,120298172,541846001
بازسازی ساختمان گمرگ ارمنستان در مرز باگراتاشن,7,صورت وضعیت,-,-,67425267,609271268
بازسازی ساختمان گمرگ ارمنستان در مرز باگراتاشن,8,صورت وضعیت,-,-,77737448,687008716
بازسازی ساختمان گمرگ ارمنستان در مرز باگراتاشن,9,صورت وضعیت,-,-,51200558,738209275
بازسازی ساختمان گمرگ ارمنستان در مرز باگراتاشن,10,صورت وضعیت,-,-,40176029,778385303
  احداث و ساخت سازه آبگیر ورودی سد و نیروگاه برق آبی راغون-جمهوری تاجیکستان لات 4  (Early Works),1,صورت وضعیت,7/15/2021,8/30/2021,3856176,3856176
  احداث و ساخت سازه آبگیر ورودی سد و نیروگاه برق آبی راغون-جمهوری تاجیکستان لات 4  (Early Works),2,صورت وضعیت,9/1/2021,9/30/2021,3458766,7314941
  احداث و ساخت سازه آبگیر ورودی سد و نیروگاه برق آبی راغون-جمهوری تاجیکستان لات 4  (Early Works),3,صورت وضعیت,10/1/2021,10/31/2021,4493149,11808091
  احداث و ساخت سازه آبگیر ورودی سد و نیروگاه برق آبی راغون-جمهوری تاجیکستان لات 4  (Early Works),4,صورت وضعیت,11/1/2021,11/30/2021,2706761,14514851
  احداث و ساخت سازه آبگیر ورودی سد و نیروگاه برق آبی راغون-جمهوری تاجیکستان لات 4  (Early Works),5,صورت وضعیت,1/1/2022,1/31/2022,6722099,21236950
  احداث و ساخت سازه آبگیر ورودی سد و نیروگاه برق آبی راغون-جمهوری تاجیکستان لات 4  (Early Works),6,صورت وضعیت,2/1/2022,2/28/2022,1789748,23026698
  احداث و ساخت سازه آبگیر ورودی سد و نیروگاه برق آبی راغون-جمهوری تاجیکستان لات 4  (Early Works),7,صورت وضعیت,3/1/2022,3/31/2022,2383196,25409894
  احداث و ساخت سازه آبگیر ورودی سد و نیروگاه برق آبی راغون-جمهوری تاجیکستان لات 4  (Early Works),8,صورت وضعیت,4/1/2022,4/30/2022,2104058,27513952
  احداث و ساخت سازه آبگیر ورودی سد و نیروگاه برق آبی راغون-جمهوری تاجیکستان لات 4  (Early Works),9,صورت وضعیت,5/1/2022,5/31/2022,2158051,29672003
  احداث و ساخت سازه آبگیر ورودی سد و نیروگاه برق آبی راغون-جمهوری تاجیکستان لات 4  (Early Works),10,صورت وضعیت,7/1/2022,7/31/2022,5759985,35431988
  احداث و ساخت سازه آبگیر ورودی سد و نیروگاه برق آبی راغون-جمهوری تاجیکستان لات 4  (Early Works),11,صورت وضعیت,8/1/2022,8/31/2022,4303895,39735884
  احداث و ساخت سازه آبگیر ورودی سد و نیروگاه برق آبی راغون-جمهوری تاجیکستان لات 4  (Early Works),12,صورت وضعیت,9/1/2022,9/30/2022,4047844,43783727
  احداث و ساخت سازه آبگیر ورودی سد و نیروگاه برق آبی راغون-جمهوری تاجیکستان لات 4  (Early Works),13,صورت وضعیت,10/1/2022,10/31/2022,4005661,47789388
  احداث و ساخت سازه آبگیر ورودی سد و نیروگاه برق آبی راغون-جمهوری تاجیکستان لات 4  (Early Works),14,صورت وضعیت,11/1/2022,11/30/2022,4341941,52131329
  احداث و ساخت سازه آبگیر ورودی سد و نیروگاه برق آبی راغون-جمهوری تاجیکستان لات 4  (Early Works),15,صورت وضعیت,12/1/2022,12/31/2022,4233047,56364377
  احداث و ساخت سازه آبگیر ورودی سد و نیروگاه برق آبی راغون-جمهوری تاجیکستان لات 4  (Early Works),16,صورت وضعیت,1/1/2023,1/31/2023,3962390,60326767
  احداث و ساخت سازه آبگیر ورودی سد و نیروگاه برق آبی راغون-جمهوری تاجیکستان لات 4  (Early Works),17,صورت وضعیت,2/1/2023,2/28/2023,3870025,64196792
  احداث و ساخت سازه آبگیر ورودی سد و نیروگاه برق آبی راغون-جمهوری تاجیکستان لات 4  (Early Works),18,صورت وضعیت,3/1/2023,3/31/2023,4707474,68904266
  احداث و ساخت سازه آبگیر ورودی سد و نیروگاه برق آبی راغون-جمهوری تاجیکستان لات 4  (Early Works),19,صورت وضعیت,3/1/2023,3/31/2023,3809550,72713816
  احداث و ساخت سازه آبگیر ورودی سد و نیروگاه برق آبی راغون-جمهوری تاجیکستان لات 4  (Early Works),20,صورت وضعیت,4/1/2023,4/30/2023,2680915,75394731
  احداث و ساخت سازه آبگیر ورودی سد و نیروگاه برق آبی راغون-جمهوری تاجیکستان لات 4  (Early Works),21,صورت وضعیت,5/1/2023,5/31/2023,3604730,78999461
  احداث و ساخت سازه آبگیر ورودی سد و نیروگاه برق آبی راغون-جمهوری تاجیکستان لات 4  (Early Works),22,صورت وضعیت,6/1/2023,6/30/2023,5890299,84889760
  احداث و ساخت سازه آبگیر ورودی سد و نیروگاه برق آبی راغون-جمهوری تاجیکستان لات 4  (Early Works),23,صورت وضعیت,6/1/2023,6/30/2023,3143672,88033432
  احداث و ساخت سازه آبگیر ورودی سد و نیروگاه برق آبی راغون-جمهوری تاجیکستان لات 4  (Early Works),24,صورت وضعیت,7/1/2023,8/31/2023,6125634,94159065
  احداث و ساخت سازه آبگیر ورودی سد و نیروگاه برق آبی راغون-جمهوری تاجیکستان لات 4  (Early Works),25,صورت وضعیت,9/1/2023,9/30/2023,4224769,98383835
  احداث و ساخت سازه آبگیر ورودی سد و نیروگاه برق آبی راغون-جمهوری تاجیکستان لات 4  (Early Works),26,صورت وضعیت,10/1/2023,10/31/2023,3819713,102203548
  احداث و ساخت سازه آبگیر ورودی سد و نیروگاه برق آبی راغون-جمهوری تاجیکستان لات 4  (Early Works),27,صورت وضعیت,11/1/2023,11/30/2023,5792931,107996479
  احداث و ساخت سازه آبگیر ورودی سد و نیروگاه برق آبی راغون-جمهوری تاجیکستان لات 4  (Early Works),28,صورت وضعیت,12/1/2023,12/31/2023,5519608,113516086
  احداث و ساخت سازه آبگیر ورودی سد و نیروگاه برق آبی راغون-جمهوری تاجیکستان لات 4  (Early Works),29,صورت وضعیت,1/1/2024,1/31/2024,4129779,117645865
  احداث و ساخت سازه آبگیر ورودی سد و نیروگاه برق آبی راغون-جمهوری تاجیکستان لات 4  (Early Works),30,صورت وضعیت,2/1/2024,2/29/2024,3115043,120760908
  احداث و ساخت سازه آبگیر ورودی سد و نیروگاه برق آبی راغون-جمهوری تاجیکستان لات 4  (Early Works),31,صورت وضعیت,3/1/2024,3/31/2024,3567426,124328334
  احداث و ساخت سازه آبگیر ورودی سد و نیروگاه برق آبی راغون-جمهوری تاجیکستان لات 4  (Early Works),32,صورت وضعیت,4/1/2024,4/30/2024,4815263,129143597
  احداث و ساخت سازه آبگیر ورودی سد و نیروگاه برق آبی راغون-جمهوری تاجیکستان لات 4  (Early Works),33,صورت وضعیت,5/1/2024,5/31/2024,4793059,133936656
  احداث و ساخت سازه آبگیر ورودی سد و نیروگاه برق آبی راغون-جمهوری تاجیکستان لات 4  (Early Works),34,صورت وضعیت,6/1/2024,6/30/2024,5892103,139828759
  احداث و ساخت سازه آبگیر ورودی سد و نیروگاه برق آبی راغون-جمهوری تاجیکستان لات 4  (Early Works),35,صورت وضعیت,7/1/2024,7/31/2024,4278493,144107252
  احداث و ساخت سازه آبگیر ورودی سد و نیروگاه برق آبی راغون-جمهوری تاجیکستان لات 4  (Early Works),36,صورت وضعیت,8/1/2024,8/31/2024,8683831,152791083
  احداث و ساخت سازه آبگیر ورودی سد و نیروگاه برق آبی راغون-جمهوری تاجیکستان لات 4  (Early Works),37,صورت وضعیت,9/1/2024,9/30/2024,7912015,160703097
  احداث و ساخت سازه آبگیر ورودی سد و نیروگاه برق آبی راغون-جمهوری تاجیکستان لات 4  (Early Works),38,صورت وضعیت,10/1/2024,10/31/2024,6973498,167676596
  احداث و ساخت سازه آبگیر ورودی سد و نیروگاه برق آبی راغون-جمهوری تاجیکستان لات 4  (Early Works),39,صورت وضعیت,11/1/2024,11/30/2024,7002019,174678615
  احداث و ساخت سازه آبگیر ورودی سد و نیروگاه برق آبی راغون-جمهوری تاجیکستان لات 4  (Early Works),40,صورت وضعیت,12/1/2024,12/31/2024,7187930,181866544
  احداث و ساخت سازه آبگیر ورودی سد و نیروگاه برق آبی راغون-جمهوری تاجیکستان لات 4  (Early Works),41,صورت وضعیت,1/1/2025,1/31/2025,6233244,188099788
  احداث و ساخت سازه آبگیر ورودی سد و نیروگاه برق آبی راغون-جمهوری تاجیکستان لات 4  (Early Works),42,صورت وضعیت,2/1/2025,2/28/2025,6656848,194756636
  احداث و ساخت سازه آبگیر ورودی سد و نیروگاه برق آبی راغون-جمهوری تاجیکستان لات 4  (Early Works),43,صورت وضعیت,3/1/2025,3/31/2025,6183256,200939891
  احداث و ساخت سازه آبگیر ورودی سد و نیروگاه برق آبی راغون-جمهوری تاجیکستان لات 4  (Early Works),44,صورت وضعیت,4/1/2025,5/31/2025,13260760,214200652
  احداث و ساخت سازه آبگیر ورودی سد و نیروگاه برق آبی راغون-جمهوری تاجیکستان لات 4  (Early Works),45,صورت وضعیت,6/1/2025,6/30/2025,8227226,222427878
  احداث و ساخت سازه آبگیر ورودی سد و نیروگاه برق آبی راغون-جمهوری تاجیکستان لات 4  (Early Works),46,صورت وضعیت,7/1/2025,8/31/2025,11395015,233822893
  احداث و ساخت سازه آبگیر ورودی سد و نیروگاه برق آبی راغون-جمهوری تاجیکستان لات 4  (Early Works),47,صورت وضعیت,9/1/2025,10/31/2025,6240744,240063637
  احداث و ساخت سازه آبگیر ورودی سد و نیروگاه برق آبی راغون-جمهوری تاجیکستان لات 4  (Early Works),48,صورت وضعیت,11/1/2025,11/30/2025,7323774,247387411
  احداث و ساخت سازه آبگیر ورودی سد و نیروگاه برق آبی راغون-جمهوری تاجیکستان لات 4  (Early Works),49,صورت وضعیت,12/1/2025,12/30/2025,8373854,255761265
  احداث و ساخت سازه آبگیر ورودی سد و نیروگاه برق آبی راغون-جمهوری تاجیکستان لات 4  (Early Works),50,صورت وضعیت,1/1/2026,1/30/2026,8426108,264187373
  احداث و ساخت سازه آبگیر ورودی سد و نیروگاه برق آبی راغون-جمهوری تاجیکستان لات 4  (Early Works),51,صورت وضعیت,2/1/2026,2/28/2026,8771409,272958782
  احداث و ساخت سازه آبگیر ورودی سد و نیروگاه برق آبی راغون-جمهوری تاجیکستان لات 4  (Early Works),52,صورت وضعیت,3/1/2026,3/31/2026,7685594,280644375
احداث رستوران بزرگ پتروشیمی بندر امام,1,صورت وضعیت,1402/06/12,1402/07/30,149099399178,149099399178
احداث رستوران بزرگ پتروشیمی بندر امام,2,صورت وضعیت,1402/08/01,1402/08/30,167888049981,316987449159
احداث رستوران بزرگ پتروشیمی بندر امام,3,صورت وضعیت,1402/09/01,1402/09/30,85002700790,401990149949
احداث رستوران بزرگ پتروشیمی بندر امام,4,صورت وضعیت,1402/10/01,1402/10/30,97922062763,499912212712
احداث رستوران بزرگ پتروشیمی بندر امام,5,صورت وضعیت,1402/11/01,1402/11/30,7167870610,507080083322
احداث رستوران بزرگ پتروشیمی بندر امام,6,صورت وضعیت,1402/12/01,1402/12/29,94691650733,601771734055
احداث رستوران بزرگ پتروشیمی بندر امام,7,صورت وضعیت,1403/01/01,1403/01/31,46513655036,648285389091
احداث رستوران بزرگ پتروشیمی بندر امام,8,صورت وضعیت,1403/02/01,1403/02/31,28174991789,676460380880
احداث رستوران بزرگ پتروشیمی بندر امام,9,صورت وضعیت,1403/03/01,1403/03/31,86644236637,763104617517
احداث رستوران بزرگ پتروشیمی بندر امام,10,صورت وضعیت,1403/04/01,1403/04/31,41300479475,804405096992
احداث رستوران بزرگ پتروشیمی بندر امام,11,صورت وضعیت,1403/05/01,1403/05/31,73507047951,877912144943
احداث رستوران بزرگ پتروشیمی بندر امام,12,صورت وضعیت,1403/06/01,1403/06/31,62773183596,940685328539
احداث رستوران بزرگ پتروشیمی بندر امام,13,صورت وضعیت,1403/07/01,1403/07/30,92871499612,1033556828151
احداث رستوران بزرگ پتروشیمی بندر امام,14,صورت وضعیت,1403/08/01,1403/08/30,60807935399,1094364763550
احداث رستوران بزرگ پتروشیمی بندر امام,15,صورت وضعیت,1403/09/01,1403/09/30,50949221815,1145313985365
احداث رستوران بزرگ پتروشیمی بندر امام,16,صورت وضعیت,1403/10/01,1403/10/30,84225460969,1229539446334
احداث رستوران بزرگ پتروشیمی بندر امام,17,صورت وضعیت,1403/11/01,1403/11/30,35620898892,1265160345226
احداث رستوران بزرگ پتروشیمی بندر امام,18,صورت وضعیت,1403/12/01,1403/12/30,92368147625,1357528492851
احداث رستوران بزرگ پتروشیمی بندر امام,19,صورت وضعیت,1404/01/01,1404/01/31,66600673508,1424129166359
احداث رستوران بزرگ پتروشیمی بندر امام,20,صورت وضعیت,1404/02/01,1404/03/31,46485063131,1470614229490
احداث رستوران بزرگ پتروشیمی بندر امام,21,صورت وضعیت,1404/04/01,1404/04/31,21584614202,1492198843692
احداث رستوران بزرگ پتروشیمی بندر امام,22,صورت وضعیت,1404/05/01,1404/05/31,20696120346,1512894964038
احداث رستوران بزرگ پتروشیمی بندر امام,23,صورت وضعیت,1404/06/01,1404/06/31,94933019967,1607827984005
احداث رستوران بزرگ پتروشیمی بندر امام,24,صورت وضعیت,1404/07/01,1404/07/30,166927236315,1774755220320
احداث رستوران بزرگ پتروشیمی بندر امام,25,صورت وضعیت,1404/08/01,1404/08/30,249480785469,2024236005789
